"sep=,"
"received_message","pattern_matching","reply_message","multiple_replies","multiple_reply_delay","multiple_reply_delay_max","recipients","contacts","ignored_contacts","reply_delay","reply_delay_max","specific_times","monday","tuesday","wednesday","thursday","friday","saturday","sunday","pause_type","pause_value","disabled"
"*","none","URL video<#>Gracias por contactar a Dry Cleaners PanamÃ¡ ğŸ‘—ğŸ‘šğŸ‘”ğŸ‘–,\nsolicitamos envÃ­es palabra (DRY) para activar asistencia virtual.","all","1","2","c","","","","","0","","","","","","","","seconds","0","0"
"dry","none","ğŸ‘‹<#>Â¡Hola! %first_name% muy buen dÃ­ağŸŒ<#>Un cordial saludo, feliz %day_of_week%<#>Te doy la bienvenida a *DRY CLEANERS PANAMÃ* ğŸ‘—ğŸ‘šğŸ‘”ğŸ‘– la franquicia de lavanderÃ­a profesional, que puso jaque mate al coronavirus COVID-19<#>mi nombre es Dolly ğŸ‘¦, tu asistente virtual y estoy aquÃ­ para ayudarte en lo que necesites ğŸ‘—ğŸ‘šğŸ‘”ğŸ‘–, con las siguientes opciones:<#>DRY1 ğŸ‘—ğŸ‘šğŸ‘”ğŸ‘– : PRODUCTOS & SERVICIOS\nDRY2 ğŸ‘—ğŸ‘šğŸ‘”ğŸ‘– : PAGOS\nDRY3 ğŸ‘—ğŸ‘šğŸ‘”ğŸ‘– : DELIVERY\nDRY4 ğŸ‘—ğŸ‘šğŸ‘”ğŸ‘– : CONTACTAR ASESOR PERSONAL\nDRY5 ğŸ‘—ğŸ‘šğŸ‘”ğŸ‘– : LISTA DE PRECIO\nDRY6 ğŸ‘—ğŸ‘šğŸ‘”ğŸ‘– :  HORARIO DE ATENCIÃ“N\nDRY7 ğŸ‘—ğŸ‘šğŸ‘”ğŸ‘– : PARQUEADERO GRATIS\nDRY8 ğŸ‘—ğŸ‘šğŸ‘”ğŸ‘– : MEMBRESIA PLATINUM\nDRY9 ğŸ‘—ğŸ‘šğŸ‘”ğŸ‘– : QUIERO UNA FRANQUICIA \nDRY10  ğŸ‘—ğŸ‘šğŸ‘”ğŸ‘–: MODELOS DE FRANQUICIAS\nDRY0 ğŸ‘—ğŸ‘šğŸ‘”ğŸ‘– :  MENÃš PRINCIPAL\n\nEnvÃ­e la palabra DRY1 si desea realizar un pedido o una orden de trabajo.","all","3","3","c","","","","","0","","","","","","","","seconds","0","0"
"dry0","none","MENÃš PRINCIPAL\n\nDRY1 ğŸ‘—ğŸ‘šğŸ‘”ğŸ‘– : PRODUCTOS & SERVICIOS\nDRY2 ğŸ‘—ğŸ‘šğŸ‘”ğŸ‘– : PAGOS\nDRY3 ğŸ‘—ğŸ‘šğŸ‘”ğŸ‘– : DELIVERY\nDRY4 ğŸ‘—ğŸ‘šğŸ‘”ğŸ‘– : ASESOR PERSONAL\nDRY5 ğŸ‘—ğŸ‘šğŸ‘”ğŸ‘– : LISTA DE PRECIO\nDRY6 ğŸ‘—ğŸ‘šğŸ‘”ğŸ‘– : HORARIO DE ATENCIÃ“N\nDRY7 ğŸ‘—ğŸ‘šğŸ‘”ğŸ‘– : PARQUEADERO GRATIS\nDRY8 ğŸ‘—ğŸ‘šğŸ‘”ğŸ‘– : MEMBRESIA PLATINUM\nDRY9 ğŸ‘—ğŸ‘šğŸ‘”ğŸ‘– : QUIERO UNA FRANQUICIA \nDRY10  ğŸ‘—ğŸ‘šğŸ‘”ğŸ‘–: MODELOS FRANQUICIAS\nDRY0 ğŸ‘—ğŸ‘šğŸ‘”ğŸ‘– :  MENÃš PRINCIPAL\n\nEnvÃ­e la palabra DRY1 si desea realizar un pedido o una orden de trabajo.","single","","","c","","","","","0","","","","","","","","seconds","0","0"
"dry1","none","Selecciona la opciÃ³n del tipo de servicio que quieres:<#>(D) ğŸ‘—ğŸ‘šğŸ‘”ğŸ‘–: LavanderÃ­a Profesional en AGUA\n(C) ğŸ‘—ğŸ‘šğŸ‘”ğŸ‘–: Dry Cleaning ( Limpieza en Seco)\n(P) ğŸ‘—ğŸ‘šğŸ‘”ğŸ‘–: Plancha<#>Si desea saber sobre LavanderÃ­a Profesional en Agua, envÃ­e la letra D","all","1","1","c","","","","","0","","","","","","","","seconds","0","0"
"d","none","Felicidades %first_name% ğŸ– ha elegido la opciÃ³n (D) ğŸ‘—ğŸ‘šğŸ‘”ğŸ‘–: LavanderÃ­a Profesional en AGUA<#>Ahora, debe seleccionar ğŸ‘—ğŸ‘šğŸ‘”ğŸ‘– la opciÃ³n del tipo de servicio que requiere:\nA1 ğŸ‘—ğŸ‘šğŸ‘”ğŸ‘–: Lavado (Agua) y Secado\nA2 ğŸ‘—ğŸ‘šğŸ‘”ğŸ‘–: Lavado (Agua), Secado y Doblado\nA3 ğŸ‘—ğŸ‘šğŸ‘”ğŸ‘–: Lavado (Agua), Secado y Planchado<#>Si desea solicitar el servicio A1 ğŸ‘—ğŸ‘šğŸ‘”ğŸ‘–: Lavado (Agua) y Secado. Solo debe escribir la palabra A1","all","2","2","c","","","","","0","","","","","","","","seconds","0","0"
"a1","none","En DRY CLEANERS PANAMÃ ğŸ‘— ğŸ‘šğŸ‘”ğŸ‘–, sabemos que lo que menos tienes, es tiempo para lavanderÃ­a, te va a encantar el servicio (A1) ğŸ‘—ğŸ‘šğŸ‘”ğŸ‘–: Lavado (Agua) y Secado seleccionado, amamos lo que hacemos â€¦, y lo hacemos muy bien<#>ğŸ‘—ğŸ‘šğŸ‘”ğŸ‘– Espera, enviando  opciÃ³n (A)<#>(A) ğŸ‘—ğŸ‘šğŸ‘”ğŸ‘–: Lavado (Agua) y Secado: mÃ­nimo 20 piezas precio de $ 5,oo Balboas. Incluye jabÃ³n (detergente industrial + neutralizante (suavizante).\n\nRecuerda que:\n*La pieza adicional en cualquier promociÃ³n, tiene un precio $ 0,60*\n*No se acepta ropa interior, sabanas, colchas, toallas en esta promociÃ³n*<#>ğŸ‘—ğŸ‘šğŸ‘”ğŸ‘– Espera, enviando  opciÃ³n (B)<#>(B) ğŸ‘—ğŸ‘šğŸ‘”ğŸ‘–: Lavado (Agua) y Secado: 30 a 40 piezas por $ 10,oo Balboas. Incluye jabÃ³n (detergente industrial + neutralizante (suavizante) + anti germenes (anti Virus, Bacterias, Hongos). Con normas de bio seguridad antes de cada proceso de lavado.\n\nRecuerda que:\n*La pieza adicional en cualquier promociÃ³n, tiene un precio $ 0,60*\n*No se acepta ropa interior, sabanas, colchas, toallas en esta promociÃ³n*<#>%first_name% elige cual deseasâ“ y llama ahora al ğŸ“ 385 2383 e iremos a buscar ğŸšš tu ropa ğŸ‘”ğŸ‘•ğŸ‘–ğŸ‘— dÃ³nde te encuentres<#>%first_name% recuerda la opciÃ³n DRY0 para acceder al menÃº principal","all","3","4","c","","","","","0","","","","","","","","seconds","0","0"
"a2","none","En DRY CLEANERS PANAMÃ ğŸ‘— ğŸ‘šğŸ‘”ğŸ‘–, sabemos que lo que menos tienes, es tiempo para lavanderÃ­a, te va a encantar el servicio (A2) ğŸ‘—ğŸ‘šğŸ‘”ğŸ‘–: Lavado (Agua), Secado y Doblado seleccionado, amamos lo que hacemos â€¦, y lo hacemos muy bien<#>ğŸ‘—ğŸ‘šğŸ‘”ğŸ‘– Espera, enviando  opciÃ³n (A)<#>(A2) ğŸ‘—ğŸ‘šğŸ‘”ğŸ‘–: Lavado (Agua), Secado y Doblado: mÃ­nimo 20 por $ 6,50 Balboas. Incluye jabÃ³n (detergente industrial + neutralizante (suavizante)\n\nAdemÃ¡s incluye productos anti gÃ©rmenes (anti Virus ğŸ¦ , Bacterias, Hongos) y  normas de bio seguridad antes de cada proceso de lavado.\n\nRecuerda que:\n*La piezağŸ‘–ğŸ‘• adicional en cualquier promociÃ³n, tiene un precio $ 0,60*\n*No se acepta ropa interior, sabanas, colchas, toallas en esta promociÃ³n*<#>ğŸ‘—ğŸ‘šğŸ‘”ğŸ‘– Espera, enviando  opciÃ³n (B)<#>(B2) ğŸ‘—ğŸ‘šğŸ‘”ğŸ‘–: Lavado (Agua), Secado y Doblado: mÃ­nimo de 30 a 40 por $ 11,50 Balboas. Incluye jabÃ³n (detergente industrial + neutralizante (suavizante)\n\nAdemÃ¡s incluye productos anti germenes (anti Virus ğŸ¦ , Bacterias, Hongos) y normas de bio seguridad antes de cada proceso de lavado.\n\nRecuerda que:\n*La pieza ğŸ‘•ğŸ‘–adicional en cualquier promociÃ³n, tiene un precio $ 0,60*\n*No se acepta ropa interior, sabanas, colchas, toallas en esta promociÃ³n*<#>%first_name% elige cual deseasâ“ y llama ahora al ğŸ“ 385 2383 e iremos a buscar ğŸšš tu ropa ğŸ‘”ğŸ‘•ğŸ‘–ğŸ‘— dÃ³nde te encuentres<#>%first_name% recuerda la opciÃ³n DRY0 para acceder al menÃº principal","all","3","4","c","","","","","0","","","","","","","","seconds","0","0"
"a3","none","En DRY CLEANERS PANAMÃ ğŸ‘— ğŸ‘šğŸ‘”ğŸ‘–, sabemos que lo que menos tienes, es tiempo para lavanderÃ­a, te va a encantar el servicio (A3) ğŸ‘—ğŸ‘šğŸ‘”ğŸ‘–: Lavado (Agua), Secado y Planchado. seleccionado, amamos lo que hacemos â€¦, y lo hacemos muy bien<#>ğŸ‘—ğŸ‘šğŸ‘”ğŸ‘– Espera, enviando  opciÃ³n (A)<#>(A3) ğŸ‘—ğŸ‘šğŸ‘”ğŸ‘–: Lavado (Agua), Secado y Planchado: mÃ­nimo de 20 piezas por $ 24,00 Balboas. Incluye jabÃ³n (detergente industrial + neutralizante (suavizante)\n\nAdemÃ¡s incluye productos anti germenes (anti Virus ğŸ¦ , Bacterias, Hongos) y normas de bio seguridad antes de cada proceso de lavado.\n\nRecuerda que:\n*La pieza ğŸ‘–ğŸ‘•adicional en cualquier promociÃ³n, tiene un precio $ 0,90*\n*No se acepta ropa interior, sabanas, colchas, toallas en esta promociÃ³n*\n*No incluye gancho<#>ğŸ‘—ğŸ‘šğŸ‘”ğŸ‘– Espera, enviando  opciÃ³n (B)<#>(B3) ğŸ‘—ğŸ‘šğŸ‘”ğŸ‘–: Lavado (Agua), Secado y Planchado: mÃ­nimo de 40 piezas por $ 41,50 Balboas. Incluye jabÃ³n (detergente industrial + neutralizante (suavizante)\n\nAdemÃ¡s incluye productos anti germenes (anti Virus ğŸ¦ , Bacterias, Hongos) y normas de bio seguridad antes de cada proceso de lavado.\n\nRecuerda que:\n*La pieza ğŸ‘•ğŸ‘–adicional en cualquier promociÃ³n, tiene un precio $ 0,90*\n*No se acepta ropa interior, sabanas, colchas, toallas en esta promociÃ³n*\n*No incluye gancho<#>%first_name% elige cual deseasâ“ y llama ahora al ğŸ“ 385 2383 e iremos a buscar ğŸšš tu ropa ğŸ‘”ğŸ‘•ğŸ‘–ğŸ‘— dÃ³nde te encuentres<#>%first_name% recuerda la opciÃ³n DRY0 para acceder al menÃº principal","all","3","4","c","","","","","0","","","","","","","","seconds","0","0"
"c","none","Felicidades %first_name% ğŸ– ha elegido la opciÃ³n (C) ğŸ‘—ğŸ‘šğŸ‘”ğŸ‘–: Dry Cleaning ( Limpieza en Seco)<#>Ahora, debe seleccionar ğŸ‘—ğŸ‘šğŸ‘”ğŸ‘– la opciÃ³n del tipo de servicio que requiere:\n\nC1: Lista de Precios Dry Cleaning PDF\nC2: Precios COMBO x MES\nC3: Promociones<#>Si desea solicitar ğŸ‘–ğŸ‘•ğŸ‘—ğŸ‘”el servicio C1: Lista de Precios Dry Cleaning PDF. Solo debe escribir la palabra C1","all","3","4","c","","","","","0","","","","","","","","seconds","0","0"
"c1","none","Te va a encantar %first_name%, porque en *DRY CLEANERS PANAMÃ* ğŸ‘—ğŸ‘šğŸ‘”ğŸ‘– amamos lo que hacemos â€¦, y lo hacemos muy bien, que a todos les encanta. AdemÃ¡s al mejor precio.<#>Consulte LISTA OFICIAL de precios en el link: https://bit.ly/2YsurUa","all","2","2","c","","","","","0","","","","","","","","seconds","0","0"
"c2","none","Â¡Hola! %first_name%, como se encuentra este %day_of_week%, ğŸ– somos  *DRY CLEANERS PANAMÃ* ğŸ‘—ğŸ‘šğŸ‘”ğŸ‘–, felicidades, usted ha elegido la opciÃ³n C2: Precios COMBO x MES.<#>%first_name%, Elige entre estas opciones COMBOS del MES.\n\n(C2A): Combo 1 ğŸ‘—ğŸ‘šğŸ‘”ğŸ‘–\n(C2B): Combo 2 ğŸ‘—ğŸ‘šğŸ‘”ğŸ‘–\n(C2C): Combo 3 ğŸ‘—ğŸ‘šğŸ‘”ğŸ‘–\n\nSi desea solicitar el servicio (C2A): Combo 1 ğŸ‘—ğŸ‘šğŸ‘”ğŸ‘–. Solo debe escribir la palabra C2A","all","3","4","c","","","","","0","","","","","","","","seconds","0","0"
"c2a","none","%first_name%, Disfruta del COMBO 1 en *DRY CLEANERS PANAMÃ* ğŸ‘—ğŸ‘šğŸ‘”ğŸ‘– \n\nLavanderÃ­a de 30 Kg de ropa al MES (3 bolsas o maletas x 10 kg cada una) por $ 15,oo Balboas al mes. El servicio incluye jabÃ³n (detergente industrial + neutralizante (suavizante)<#>AdemÃ¡s incluye productos anti gÃ©rmenes (anti Virus ğŸ¦ , Bacterias , Hongos). Implementamos normas de bioseguridad  antes de cada proceso de lavado. \n\nPromociÃ³n exclusiva para miembros ğŸ’³ afiliados platinum. \n\n*La pieza ğŸ‘•ğŸ‘–adicional, tiene un precio $ 0,75* \n*No se acepta ropa interior, sabanas, colchas, toallas en esta promociÃ³n*<#>%first_name% llama ahora al ğŸ“ 385 2383 e iremos a buscar ğŸšš tu ropa ğŸ‘”ğŸ‘•ğŸ‘–ğŸ‘— dÃ³nde te encuentres<#>%first_name% recuerda la opciÃ³n DRY0 para acceder al menÃº principal","all","3","4","c","","","","","0","","","","","","","","seconds","0","0"
"c2b","none","%first_name%, Disfruta del COMBO 2 en *DRY CLEANERS PANAMÃ*  ğŸ‘—ğŸ‘šğŸ‘”ğŸ‘–\n\nLavanderÃ­a de 30 Kg de ropa por MES (3 bolsas o maletas x 10 kg cada una) + 20 Prendas planchadas por $ 30,oo Balboas al mes. El servicio incluye jabÃ³n (detergente industrial + neutralizante (suavizante)<#>AdemÃ¡s incluye productos anti gÃ©rmenes (anti VirusğŸ¦ , Bacterias, Hongos). Implementamos normas de bioseguridad antes de cada proceso de lavado.\n\nPromociÃ³n exclusiva para miembros ğŸ’³afiliados platinum\n \n*La pieza ğŸ‘•ğŸ‘–adicional en cualquier promociÃ³n, tiene un precio $ 0,75* \n*No incluye gancho* \n*No se acepta ropa interior, sabanas, colchas, toallas en esta promociÃ³n*<#>%first_name% llama ahora al ğŸ“ 385 2383 e iremos a buscar ğŸšš tu ropa ğŸ‘”ğŸ‘•ğŸ‘–ğŸ‘— dÃ³nde te encuentres<#>%first_name% recuerda la opciÃ³n DRY0 para acceder al menÃº principal","all","3","4","c","","","","","0","","","","","","","","seconds","0","0"
"c2c","none","%first_name%, Disfruta del COMBO 3 en *DRY CLEANERS PANAMÃ* ğŸ‘—ğŸ‘šğŸ‘”ğŸ‘–\n\nLavanderÃ­a de 40 Kg de ropa por MES (4 bolsas o maletas x 10 kg cada una) + 30 Prendas planchadas por $ 40,oo Balboas al mes. El servicio incluye jabÃ³n (detergente industrial + neutralizante (suavizante).<#>AdemÃ¡s incluye productos anti gÃ©rmenes (anti VirusğŸ¦ , Bacterias, Hongos). Implementamos normas de bioseguridad antes de cada proceso de lavado.\n\nPromociÃ³n exclusiva para miembrosğŸ’³ afiliados platinum.\n \n*La pieza ğŸ‘–ğŸ‘•adicional en cualquier promociÃ³n, tiene un precio $ 0,75* \n*No incluye gancho* \n*No se acepta ropa interior, sabanas, colchas, toallas en esta promociÃ³n*<#>%first_name% llama ahora al ğŸ“ 385 2383 e iremos a buscar ğŸšš tu ropa ğŸ‘”ğŸ‘•ğŸ‘–ğŸ‘— dÃ³nde te encuentres<#>%first_name% recuerda la opciÃ³n DRY0 para acceder al menÃº principal","all","3","4","c","","","","","0","","","","","","","","seconds","0","0"
"c3","none","Â¡Hola! %first_name%ğŸ– somos  *DRY CLEANERS PANAMÃ* ğŸ‘—ğŸ‘šğŸ‘”ğŸ‘–, felicidades, usted ha elegido la opciÃ³n C3: Promociones<#>*Consulte nuestras promociones ğŸ‘•ğŸ‘–ğŸ‘”ğŸ‘—del mes o por temporada en el link*, http://bit.ly/2NHn7lp<#>Las promocionesğŸ‘–ğŸ‘•, horarios de atenciÃ³n â°estÃ¡n sujetas a cambio, de acuerdo a los decretos de movilidad y disposiciones gubernamentales ğŸŒ emitidas por la autoridad de salud pÃºblica âš•ï¸ ante la Pandemia en cada paÃ­s.","all","3","3","c","","","","","0","","","","","","","","seconds","0","0"
"p","none","Â¡Hola! %first_name%, ğŸ– somos  *DRY CLEANERS PANAMÃ* ğŸ‘—ğŸ‘šğŸ‘”ğŸ‘–, felicidades, usted ha elegido la opciÃ³n P: Plancha<#>Te va a encantar nuestro servicio de P: Plancha ğŸ‘—ğŸ‘šğŸ‘”ğŸ‘–, un enfoque clÃ¡sico con ejecuciÃ³n moderna y maquinaria de Ãºltima generaciÃ³n<#>Â¿VÃCTOR, estÃ¡s ahÃ­? Por favor escriba (PY)  para continuar","all","4","5","c","","","","","0","","","","","","","","seconds","0","0"
"py","none","%first_name%, que buenoğŸ‘ saber quÃ© sigues conectado con DRY CLEANERS PANAMA ğŸ‘•ğŸ‘–ğŸ‘— ..., revisa la informaciÃ³n que estoy enviando<#>Para conocer mÃ¡s sobre nuestro servicio de PLANCHA, (planchado profesional), las prendas ğŸ‘—ğŸ‘šğŸ‘”ğŸ‘–  que planchamos a vapor, sus precios, promociones y polÃ­tica del servicio, lo puedes saber, ingresando al sitio web oficial  http://bit.ly/2YvsyGj<#>ğŸ‘—ğŸ‘šğŸ‘”ğŸ‘– espera, estoy enviando  informaciÃ³n<#>Te va a encantar nuestro  servicio de P: Plancha ğŸ‘—ğŸ‘šğŸ‘”ğŸ‘–, conoce nuestros precios y packs de plancha profesional a vapor, a otro nivel. Precios exclusivos para miembrosğŸ’³ Platinum \n \nâ¡ï¸Precio de plancha $ 0,50 centavos  \nâ¡ï¸Plancha 30 piezas paga solo 20 \npiezas el dÃ­a de tu cumpleaÃ±os ğŸ‚\nâ¡ï¸Plancha 20 prendas paga $ 10,oo Balboas \nâ¡ï¸Plancha 50 prendas paga $ 25,oo Balboas y adicional 3 prendas ğŸ‘•ğŸ‘–ğŸ‘• planchadas GRATIS<#>*Esta promociÃ³n es vÃ¡lida solo para prendas ğŸ‘•ğŸ‘–ğŸ‘• sencillas, sin pliegues, sin accesorios. camisas, sweater, polo, blusa, pantalÃ³n, falda. \n*La pieza ğŸ‘–ğŸ‘•adicional en esta promociÃ³n, tiene un precio $ 0,75* \n*No incluye gancho* \n*No se acepta ropa interior, sabanas, colchas, toallas en esta promociÃ³n*","all","4","5","c","","","","","0","","","","","","","","seconds","0","0"
"dry2","none","Â¡Hola! %first_name% ğŸ– somos  DRY CLEANERS PANAMÃ ğŸ‘—ğŸ‘šğŸ‘”ğŸ‘– , felicidades, usted ha elegido la opciÃ³n DRY2 ğŸ‘—ğŸ‘šğŸ‘”ğŸ‘–: PAGOS<#>Soy  Dolly ğŸ‘¦ tÃº asistente virtual 24/7 te guiarÃ¡, para conocer mÃ¡s sobre nuestros mÃ©todos de pago ğŸ’¸ â€œSEGURO y RAPIDOâ€<#>ğŸ‘—ğŸ‘šğŸ‘”ğŸ‘– espera, estoy enviando  informaciÃ³n<#>Elige las opciones de ğŸ’¸ PAGOS que quieres conocer:\n \n(P1): â¡ï¸Pago On - Line \n(P2): â¡ï¸Pago por ACH \n(P3): â¡ï¸Pago Yappy\n \nEjemplo: quieres realizar un PAGO On â€“ Line, escribe la palabra P1","all","3","4","c","","","","","0","","","","","","","","seconds","0","0"
"p1","none","%first_name%, para conocer como realizar pago ğŸ’¸ on â€“ line, debes visitar el ğŸŒsitio oficial: http://bit.ly/2YtN8ab<#>Descarga ğŸ“² nuestra aplicaciÃ³n y regÃ­strate, para que empieces a disfrutar tu lavanderÃ­a ğŸ‘—ğŸ‘–ğŸ‘•ğŸ‘šDRY CLEANERS PANAMÃ \nClick en este enlace http://bit.ly/3j62xXO\n\nDRY CLEANERS PANAMÃ ğŸ‘—ğŸ‘šğŸ‘•ğŸ‘–On- Line 24/7<#>Espere Dolly ğŸ‘¦ esta enviando informacion<#>Sigue estos 2 pasos: \n1ï¸âƒ£ Realiza el pago seguro de tu orden de trabajo \n2ï¸âƒ£ EnvÃ­a el comprobante de pago vÃ­a WhatsApp o Telegram \nDRY CLEANERS PANAMÃ ğŸ‘—ğŸ‘šğŸ‘”ğŸ‘– confirmarÃ¡ el proceso de  ğŸ’¸pago y verificarÃ¡ los fondos, y contactarte para programar tu recolecciÃ³n. \nDe esa manera podremos empezar a trabajar tus prendasğŸ‘–ğŸ‘—ğŸ‘•<#>VÃCTOR, ha comprendido la informaciÃ³nâ“ Por favor escriba:\n\nSP1: Si he comprendido\nNP1: No he comprendido","all","4","4","c","","","","","0","","","","","","","","seconds","0","0"
"sp1","none","Felicidades %first_name%ğŸ– !  ya puedes empezar a lavar y planchar  tu ropa en  *DRY CLEANERS PANAMÃ* ğŸ‘—ğŸ‘šğŸ‘”ğŸ‘–..., Llama AHORA ğŸ“ 385 2383","single","","","c","","","","","0","","","","","","","","seconds","0","0"
"np1","none","%first_name%, necesitas CONTACTAR con un ASESOR PERSONAL â“ en  *DRY CLEANERS PANAMÃ* ğŸ‘—ğŸ‘šğŸ‘”ğŸ‘– , escribe la palabra DRY4","single","","","c","","","","","0","","","","","","","","seconds","0","0"
"p2","none","Felicidades ğŸ‰ğŸ‰  %first_name%, ha elegido bien;  es un mÃ©todo muy simple, seguro y cÃ³modo de ğŸ’¸pago  P2: Pago por ACH, de su orden de trabajo<#>ğŸ‘—ğŸ‘šğŸ‘”ğŸ‘– RECUERDA, que lo debes hacer ğŸ†— exclusivamente de la siguiente manera<#>a nombre de: DRY CLEANERS PANAMA o CAPESANT S.A.\nBanco General Cta. Cte. #   03-3101- 132500-0<#>ğŸ‘—ğŸ‘šğŸ‘”ğŸ‘– espera, un momento, aÃºn no hemos terminado, estoy ğŸ“¨ enviando informaciÃ³n<#>Una vez realizado el ğŸ’¸pago por ACH, debes enviar el ğŸŸï¸comprobante de transacciÃ³n de pago vÃ­a WhatsApp o Telegram<#>%first_name%, ha comprendido como hacer su ğŸ’¸pago ACHâ“ Por favor escriba:\nSP2: Si\nNP2: No","all","4","4","c","","","","","0","","","","","","","","seconds","0","0"
"sp2","none","Felicidades %first_name% ğŸ– ! Una vez, confirmado el proceso de ğŸ’¸pago y verificado los ğŸ’° fondos, programamos tu ğŸšš recolecciÃ³n y empezamos a trabajar tus ğŸ‘šğŸ‘•ğŸ‘—ğŸ‘– prendas.<#>ğŸ‘—ğŸ‘šğŸ‘”ğŸ‘– esto es IMPORTANTE â—<#>Considera que las transacciones por ACH ğŸ¦ Banco General, el  ğŸ’¸pago se reflejan el mismo dÃ­a, de otros bancos el pago se refleja de ğŸ•”24 a 48 horas posteriores.","all","4","4","c","","","","","0","","","","","","","","seconds","0","0"
"np2","none","%first_name%, necesitas CONTACTAR con un ASESOR PERSONAL â“ en  *DRY CLEANERS PANAMÃ* ğŸ‘—ğŸ‘šğŸ‘”ğŸ‘– , escribe la palabra DRY4","single","","","c","","","","","0","","","","","","","","seconds","0","0"
"p3","none","Felicidades ğŸ‰ğŸ‰ğŸ‰ %first_name%, ha elegido bien, es un mÃ©todo muy simple , seguro y  cÃ³modo de pago ğŸ’¸ P3: Pago Yappy, de tu orden de trabajo<#>Sigue estos 3 pasos: \n1ï¸âƒ£ Registra el nÃºmero ğŸ“² 66 32 34 78 en Yappy como DRY CLEANERS PANAMA \n2ï¸âƒ£ Realiza el ğŸ’¸pago por YAPPY al nÃºmero de telÃ©fono corporativo registrado en el Banco General, ğŸ“ 66 32 34 78 \n3ï¸âƒ£ EnvÃ­a el ğŸŸï¸comprobante de ğŸ’¸pago vÃ­a WhatsApp o Telegram<#>ğŸ‘—ğŸ‘šğŸ‘”ğŸ‘– espera, estoy enviando  informaciÃ³n<#>*DRY CLEANERS PANAMÃ* ğŸ‘—ğŸ‘šğŸ‘”ğŸ‘– confirmarÃ¡ el proceso de ğŸ’¸ pago y verificarÃ¡ los ğŸ’°fondos, para contactarte y programar tuğŸšš recolecciÃ³n. De esa manera podremos empezar a trabajar tus prendasğŸ‘šğŸ‘–ğŸ‘—ğŸ‘•","all","4","4","c","","","","","0","","","","","","","","seconds","0","0"
"dry3","none","Â¡Hola! %first_name%ğŸ–, somos â€œDRY CLEANERS PANAMÃâ€ ğŸ‘—ğŸ‘šğŸ‘”ğŸ‘– y gracias por contactarnos, usted ha elegido la opciÃ³n DRY3  ğŸ‘—ğŸ‘šğŸ‘”ğŸ‘–: DELIVERY ğŸššğŸš™ğŸš˜<#>Soy  Dolly ğŸ‘¦ tÃº asistente virtual ğŸ•” 24/7 y te comento que hemos implementados en nuestro sistema de DELIVERY ğŸššğŸš™ğŸš˜  los *protocolos de BIO â™»ï¸SEGURIDAD ANTI VIRALğŸ¦ *, para SEGURIDAD de usted, de nuestros colaboradores y para sus prendas ğŸ‘•ğŸ‘šğŸ‘–ğŸ‘—<#>para â€œDRY CLEANERS PANAMÃâ€ ğŸ‘—ğŸ‘šğŸ‘”ğŸ‘– su seguridad, y su salud. No tiene precio<#>ğŸ‘—ğŸ‘šğŸ‘”ğŸ‘– Desea continuar y conocer las opciones de DELIVERY. \n(D3): Si\n(D4): NO\nEscriba D3 (SI) o D4 (NO)","all","5","6","c","","","","","0","","","","","","","","seconds","0","0"
"d3","none","Excelente ğŸ‰ğŸ‰ğŸ‰ %first_name%\nAhora elige entre estas opciones de DELIVERY ğŸššğŸš™ğŸš˜\n \nâºï¸ R: Delivery sÃ³lo RecolecciÃ³n GRATIS ğŸš˜  \nâºï¸ E: sÃ³lo Entrega GRATIS ğŸšš\nâºï¸ RE: RecolecciÃ³n y Entrega GRATIS ğŸššğŸš™\n \nEjemplo: para solicitar DELIVERY  sÃ³lo RecolecciÃ³n GRATIS ğŸššğŸš™ğŸš˜, escribe la palabra R","single","","","c","","","","","0","","","","","","","","seconds","0","0"
"d4","none","%first_name%, necesitas CONTACTAR con un ASESOR PERSONAL â“ en  *DRY CLEANERS PANAMÃ* ğŸ‘—ğŸ‘šğŸ‘”ğŸ‘– , escribe la palabra DRY4","single","","","c","","","","","0","","","","","","","","seconds","0","0"
"r","none","Â¡Felicidades! ğŸ‰ğŸ‰ğŸ‰%first_name%ğŸ–,  ha elegido la opciÃ³n R: Delivery SÃ³lo RecolecciÃ³n GRATIS ğŸššğŸš™ğŸš˜ de sus prendas<#>Te comento, que el servicio elegido R: Delivery SÃ³lo RecolecciÃ³n GRATIS ğŸššğŸš™ğŸš˜ de sus prendas, aplica si se cumplen estos 2 puntos: \n \n1ï¸âƒ£ En Ã³rdenes o pedidos superiores a $ 40 Balboas  \n2ï¸âƒ£ tu ubicaciÃ³n debe estar dentro o hasta 3 km de distancia a nuestra moderna planta de lavanderÃ­a ğŸ‘šğŸ‘—ğŸ‘–ğŸ‘•Dry Cleaners PanamÃ¡ Plaza Edison â€“ Ciudad de PanamÃ¡<#>ğŸ‘—ğŸ‘šğŸ‘”ğŸ‘– cuÃ©ntame, te encuentras a mayor distancia, de la planta de lavanderÃ­a ğŸ‘šğŸ‘—ğŸ‘–ğŸ‘•Dry Cleaners PanamÃ¡ Plaza Edison â“<#>ğŸ‘—ğŸ‘šğŸ‘”ğŸ‘– Elija la opciÃ³n:\nRSI: SI\nRNO: No","all","5","5","c","","","","","0","","","","","","","","seconds","0","0"
"rsi","none","ğŸ†—, lo he comprendido %first_name%, Te encuentras a mayor distancia. GRACIAS por comentÃ¡rmeloğŸ‘<#>Tu servicio de ğŸššDELIVERY *SI* tiene costo adicional y lo puedes consultar comunicÃ¡ndote con nuestros asesores ğŸ‘•ğŸ‘—ğŸ‘šen nuestra tienda al ğŸ“385 23 83 de Lunes a Viernes de 10:00 am â€“ 6:00 pm<#>ğŸ‘—ğŸ‘šğŸ‘”ğŸ‘– tambiÃ©n puedes cotizar el ğŸššDELIVERY, utilizando cualquier plataforma de transporte, que te permita saber el valor estimado del delivery ğŸš˜(Uber, inDrive)<#>Espero haber respondidoğŸ‘ tus preguntas sobre la opciÃ³n R: Delivery SÃ³lo RecolecciÃ³n GRATIS ğŸššğŸš™ğŸš˜ de tus prendas<#>QuÃ© tengas un excelente dÃ­a, y quÃ©date en  ğŸ casa, que â€œDRY CLEANERS PANAMÃâ€ ğŸ‘— ğŸ‘šğŸ‘”ğŸ‘–, va donde usted lo requiera por sus prendas. \n \nMejor imposible \n*consulte por nuestro SERVICIO DE DELIVERY ğŸššGRATIS en el sitio web*, http://bit.ly/2YtN8ab","all","5","5","c","","","","","0","","","","","","","","seconds","0","0"
"rno","none","%first_name%, necesitas CONTACTAR con un ASESOR PERSONAL â“ en  *DRY CLEANERS PANAMÃ* ğŸ‘—ğŸ‘šğŸ‘”ğŸ‘– , escribe la palabra DRY4","single","","","c","","","","","0","","","","","","","","seconds","0","0"
"e","none","Â¡Felicidades! ğŸ‰ğŸ‰ğŸ‰%first_name%ğŸ–,  ha elegido la opciÃ³n E: Delivery SÃ³lo Entrega GRATIS ğŸššğŸš™ğŸš˜ de sus prendas<#>Te comento, que el servicio elegido R: Delivery SÃ³lo Entrega GRATIS ğŸššğŸš™ğŸš˜ de sus prendas, aplica si se cumplen estos 2 puntos: \n \n1ï¸âƒ£ En Ã³rdenes o pedidos superiores a $ 40 Balboas\n2ï¸âƒ£ Su ubicaciÃ³n debe estar dentro o hasta 3 km de distancia a nuestra moderna planta de lavanderÃ­a ğŸ‘šğŸ‘—ğŸ‘–ğŸ‘• Dry Cleaners PanamÃ¡ Plaza Edison Ciudad de PanamÃ¡<#>ğŸ‘—ğŸ‘šğŸ‘”ğŸ‘– cuÃ©ntame, te encuentras a mayor distancia, de la planta de lavanderÃ­a ğŸ‘šğŸ‘—ğŸ‘–ğŸ‘•Dry Cleaners PanamÃ¡ Plaza Edison â“<#>ğŸ‘—ğŸ‘šğŸ‘”ğŸ‘– Elija la opciÃ³n:\nESI: Si\nENO: No","all","5","5","c","","","","","0","","","","","","","","seconds","0","0"
"esi","none","ğŸ†—, lo he comprendido %first_name%, Te encuentras a mayor distancia. GRACIAS por comentÃ¡rmeloğŸ‘<#>Tu servicio de ğŸššDELIVERY *SI* tiene costo adicional y lo puedes consultar comunicÃ¡ndote con nuestros asesores ğŸ‘•ğŸ‘—ğŸ‘šen nuestra tienda al ğŸ“385 23 83 de Lunes a Viernes de 10:00 am â€“ 6:00 pm<#>ğŸ‘—ğŸ‘šğŸ‘”ğŸ‘– tambiÃ©n puedes cotizar el ğŸššDELIVERY, utilizando cualquier plataforma de transporte, que te permita saber el valor estimado del delivery ğŸš˜(Uber, inDrive)<#>Espero haber respondidoğŸ‘ tus preguntas sobre la opciÃ³n E: Delivery SÃ³lo Entrega GRATIS  ğŸššğŸš™ğŸš˜ de tus prendas<#>QuÃ© tengas un excelente dÃ­a, y quÃ©date en  ğŸ casa, que â€œDRY CLEANERS PANAMÃâ€ ğŸ‘— ğŸ‘šğŸ‘”ğŸ‘–, va donde usted lo requiera por sus prendas. \n \nMejor imposible \n*consulte por nuestro SERVICIO DE DELIVERY ğŸššGRATIS en el sitio web*, http://bit.ly/2YtN8ab","all","5","5","c","","","","","0","","","","","","","","seconds","0","0"
"eno","none","%first_name%, necesitas CONTACTAR con un ASESOR PERSONAL â“ en  *DRY CLEANERS PANAMÃ* ğŸ‘—ğŸ‘šğŸ‘”ğŸ‘– , escribe la palabra DRY4","single","","","c","","","","","0","","","","","","","","seconds","0","0"
"re","none","Â¡Felicidades! ğŸ‰ğŸ‰ğŸ‰%first_name%ğŸ–,  ha elegido la opciÃ³n RE: RecolecciÃ³n y Entrega GRATIS ğŸššğŸš™ğŸš˜ de sus prendas<#>Te comento, que el servicio elegido RE: RecolecciÃ³n y Entrega GRATIS ğŸššğŸš™ğŸš˜ de sus prendas, aplica si se cumplen estos 2 puntos: \n \n1ï¸âƒ£ En Ã³rdenes o pedidos superiores a $ 40 Balboas\n2ï¸âƒ£ Su ubicaciÃ³n debe estar dentro o hasta 3 km de distancia a nuestra moderna planta de lavanderÃ­a ğŸ‘šğŸ‘—ğŸ‘–ğŸ‘• Dry Cleaners PanamÃ¡ Plaza Edison Ciudad de PanamÃ¡<#>ğŸ‘—ğŸ‘šğŸ‘”ğŸ‘– cuÃ©ntame, te encuentras a mayor distancia, de la planta de lavanderÃ­a ğŸ‘šğŸ‘—ğŸ‘–ğŸ‘•Dry Cleaners PanamÃ¡ Plaza Edison â“<#>ğŸ‘—ğŸ‘šğŸ‘”ğŸ‘– Elija la opciÃ³n:\nRESI: Si\nRESI No","all","5","5","c","","","","","0","","","","","","","","seconds","0","0"
"resi","none","ğŸ†—, lo he comprendido %first_name%, Te encuentras a mayor distancia. GRACIAS por comentÃ¡rmeloğŸ‘<#>Tu servicio de ğŸššDELIVERY *SI* tiene costo adicional y lo puedes consultar comunicÃ¡ndote con nuestros asesores ğŸ‘•ğŸ‘—ğŸ‘šen nuestra tienda al ğŸ“385 23 83 de Lunes a Viernes de 10:00 am â€“ 6:00 pm<#>ğŸ‘—ğŸ‘šğŸ‘”ğŸ‘– tambiÃ©n puedes cotizar el ğŸššDELIVERY, utilizando cualquier plataforma de transporte, que te permita saber el valor estimado del delivery ğŸš˜(Uber, inDrive)<#>Espero haber respondidoğŸ‘ tus preguntas sobre la opciÃ³n RE: RecolecciÃ³n y Entrega GRATIS ğŸššğŸš™ğŸš˜ de tus prendas<#>QuÃ© tengas un excelente dÃ­a, y quÃ©date en  ğŸ casa, que â€œDRY CLEANERS PANAMÃâ€ ğŸ‘— ğŸ‘šğŸ‘”ğŸ‘–, va donde usted lo requiera por sus prendas. \n \nMejor imposible \n*consulte por nuestro SERVICIO DE DELIVERY ğŸššGRATIS en el sitio web*, http://bit.ly/2YtN8ab","all","5","5","c","","","","","0","","","","","","","","seconds","0","0"
"reno","none","%first_name%, necesitas CONTACTAR con un ASESOR PERSONAL â“ en  *DRY CLEANERS PANAMÃ* ğŸ‘—ğŸ‘šğŸ‘”ğŸ‘– , escribe la palabra DRY4","single","","","c","","","","","0","","","","","","","","seconds","0","0"
"dry4","none","%first_name%, en *DRY CLEANERS PANAMÃ* ğŸ‘— ğŸ‘—ğŸ‘šğŸ‘”ğŸ‘–, sabemos que lo que menos tienes, es ğŸ•”tiempo para lavanderÃ­a, y queremos resolver tus requerimientos.<#>Â¡Hola!ğŸ–, Soy  Dolly ğŸ‘¦ tÃº asistente virtual 24/7 ğŸ‘—ğŸ‘šğŸ‘”ğŸ‘–<#>te envÃ­o el nÃºmero de telÃ©fono ğŸ“385 2383 para que seas atendido por un operador y asesor de limpieza profesional en nuestra tienda matriz Ciudad PanamÃ¡ â€“ Plaza Edison local 23 ğŸ‘•ğŸ‘—ğŸ‘š GoogleMaps: https://goo.gl/maps/rTHUWR95YoUncquWA<#>Por favor contÃ¡ctanos llamando al ğŸ“385 23 83 en ğŸª horarios de Lunes a Viernes de 10:00 am â€“ 6:00 pm  \nMejor imposible \n*visite nuestra tienda ğŸ‘šğŸ‘—ğŸ‘•ğŸ‘–virtual y conozca los modelos exitosos de negocios, que pusieron jaque mate al coronavirus en PanamÃ¡, en el enlace web*, https://bit.ly/3oBZx6z","all","5","5","c","","","","","0","","","","","","","","seconds","0","0"
"dry5","none","Somos â€œDRY CLEANERS PANAMÃâ€ ğŸ‘—ğŸ‘”ğŸ‘”ğŸ‘š y gracias por contactarnos, usted ha elegido la opciÃ³n DRY5 LISTA DE PRECIOS<#>Â¡Hola!ğŸ–, Soy  Dolly ğŸ‘¦ tÃº asistente virtual 24/7 ğŸ‘—ğŸ‘šğŸ‘”ğŸ‘–, te envÃ­o la informaciÃ³n<#>He enviado ğŸ“©el link para que consulte LISTA OFICIAL de precios en el sitio web ğŸŒ\nMejor imposible: http://bit.ly/2YvVPAJ<#>Quieres tener nuestra ğŸ—‚ï¸ lista de precios  en tu ğŸ“±mÃ³vil â“<#>ğŸ‘—ğŸ‘šğŸ‘”ğŸ‘–  espero Tu respuesta, elija la opciÃ³n:\nLSI: Si\nLNO: No","all","3","4","c","","","","","0","","","","","","","","seconds","0","0"
"lsi","none","ğŸ‘—ğŸ‘šğŸ‘”ğŸ‘–  por favor, elija la lista de precios que deseas :\nLX: Dry Cleaning / Limpieza en Seco \nLY: Plancha Profesional a Vapor","all","3","3","c","","","","","0","","","","","","","","seconds","0","0"
"lno","none","%first_name%, necesitas CONTACTAR con un ASESOR PERSONAL â“ en  *DRY CLEANERS PANAMÃ* ğŸ‘—ğŸ‘šğŸ‘”ğŸ‘– , escribe la palabra DRY4","single","","","c","","","","","0","","","","","","","","seconds","0","0"
"lx","none","%first_name%, entendido, te envÃ­o ğŸ“©  archivo PDF con nuestra LISTA DE PRECIOS de X: Dry Cleaning / Limpieza en Seco, ğŸ‘šğŸ‘•ğŸ‘—ğŸ‘–y  cuÃ©ntaselo a todos ğŸ˜„, incluso a la competencia, les va gustar nuestros precios ğŸ’²..., *MEJOR IMPOSIBLE* \nPDF: https://bit.ly/3r71zwV<#>ğŸ‘—ğŸ‘šğŸ‘”ğŸ‘–  esperamos pronto saber de tÃ­\nGracias por contactar con â€œDRY CLEANERS PANAMÃâ€ ğŸ‘—ğŸ‘”ğŸ‘”ğŸ‘š \nMejor imposible","all","3","4","c","","","","","0","","","","","","","","seconds","0","0"
"ly","none","%first_name%, te envÃ­o ğŸ“© archivo PDF con nuestra LISTA DE PRECIOS para que la revises y compartas con tus contactos y amigos de Y: Plancha Profesional a Vapor ğŸ‘—ğŸ‘šğŸ‘–ğŸ‘•, y cuÃ©ntaselo a todosğŸ˜„, incluso a la competencia, les va gustar nuestros precios ğŸ’²..., *MEJOR IMPOSIBLE*\nPDF: https://bit.ly/3tgltaC<#>ğŸ‘—ğŸ‘šğŸ‘”ğŸ‘–  esperamos pronto saber de tÃ­\nGracias por contactar con â€œDRY CLEANERS PANAMÃâ€ ğŸ‘—ğŸ‘”ğŸ‘”ğŸ‘š \nMejor imposible","all","3","4","c","","","","","0","","","","","","","","seconds","0","0"
"dry6","none","Somos â€œDRY CLEANERS PANAMÃâ€ ğŸ‘—ğŸ‘”ğŸ‘”ğŸ‘š y gracias por contactarnos, usted ha elegido la opciÃ³n DRY6 HORARIO DE ATENCIÃ“N<#>Â¡Hola! %first_name%ğŸ–, Soy  Dolly ğŸ‘¦ tÃº asistente virtual 24/7 ğŸ‘—ğŸ‘šğŸ‘”ğŸ‘–, te envÃ­o la informaciÃ³n<#>Nuestro horario ğŸ•”de atenciÃ³n es de Lunes a Viernes de 10:00 AM a 06:00 PM  \nEsperamos pronto saber de ti ğŸ‘ y poder atender tus requerimientos de lavanderÃ­a y planchağŸ‘•ğŸ‘šğŸ‘– \n \nâ€œDRY CLEANERS PANAMÃâ€ ğŸ‘—ğŸ‘”ğŸ‘”ğŸ‘š  \nMejor imposible","all","4","5","c","","","","","0","","","","","","","","seconds","0","0"
"dry7","none","Somos DRY CLEANERS PANAMÃ ğŸ‘—ğŸ‘”ğŸ‘”ğŸ‘š y gracias por contactarnos, usted ha elegido la opciÃ³n DRY7 PARQUEADERO GRATIS<#>Â¡Hola! %first_name%ğŸ–, Soy  Dolly ğŸ‘¦ tÃº asistente virtual 24/7 ğŸ‘—ğŸ‘šğŸ‘”ğŸ‘–, te envÃ­o la informaciÃ³n<#>Contamos con â€œfull parqueaderosâ€ para nuestros clientes, y adicional 3 espacios exclusivos frente a nuestro local 23 junto a la farmacia El Javillo Tumbamuerto  / Plaza Edison / Google Maps: https://goo.gl/maps/rTHUWR95YoUncquWA<#>ğŸ‘—ğŸ‘šğŸ‘”ğŸ‘– recuerda nuestro horario\nLunes a Viernes de 10:00 AM a 06:00 PM \n\nâ€œDRY CLEANERS PANAMÃâ€ ğŸ‘—ğŸ‘”ğŸ‘”ğŸ‘š \nMejor imposible","all","4","5","c","","","","","0","","","","","","","","seconds","0","0"
"dry8","none","Somos â€œDRY CLEANERS PANAMÃâ€ ğŸ‘—ğŸ‘šğŸ‘”ğŸ‘–  y gracias por contactarnos, usted ha elegido la opciÃ³n 8ï¸âƒ£ Grandes Beneficios MembresÃ­a ğŸ’³ PLATINUM<#>Â¡Hola! %first_name%ğŸ–, Soy  Dolly ğŸ‘¦ tÃº asistente virtual 24/7<#>respondo a tu interÃ©s sobre la membresÃ­a ğŸ’³ PLATINUM. \n\nEs un solo pago de $ 30,oo Balboas al aÃ±o, es decir $ 0,62 centavos  semanales y accedes a todos los beneficios ğŸ’²y sÃºper promocionesğŸ·ï¸, en nuestros servicios ğŸ‘šğŸ‘—ğŸ‘–ğŸ‘•<#>Deseas continuar y recibir toda la informaciÃ³n sobre la membresÃ­a ğŸ’³ PLATINUMâ“ y convertirme en cliente VIP ğŸŒŸğŸŒŸğŸŒŸğŸŒŸğŸŒŸ en  Dry Cleaners PanamÃ¡ Plaza EdisonğŸ‘•ğŸ‘šğŸ‘—ğŸ‘–<#>ğŸ‘—ğŸ‘šğŸ‘”ğŸ‘– Elija la opciÃ³n:\n( PSI ) - SI \n( PNO ) - NO","all","4","5","c","","","","","0","","","","","","","","seconds","0","0"
"pno","none","%first_name%, necesitas CONTACTAR con un ASESOR PERSONAL â“ en  *DRY CLEANERS PANAMÃ* ğŸ‘—ğŸ‘šğŸ‘”ğŸ‘– , escribe la palabra DRY4","single","","","c","","","","","0","","","","","","","","seconds","0","0"
"psi","none","Felicidades ğŸ‰ğŸ‰ğŸ‰ VÃCTOR, has tomado una gran decisiÃ³n que cambiarÃ¡ tu vida positivamente ğŸ‘..., convertirte enğŸŒŸ MIEMBRO PLATINUM ğŸŒŸ y disfrutar de los beneficios<#>ğŸ‘—ğŸ‘šğŸ‘”ğŸ‘– son ğŸ”Ÿ grandes beneficios, que te hacen ahorrar bastante dineroğŸ’² en todos los productos y servicios (lavado, secado, planchado y limpieza en seco) ğŸ‘šğŸ‘—ğŸ‘•\n \nSer miembroğŸ’³ Platinum ahorras dinero ğŸ’²y consigues lavar / secar o planchar mÃ¡s prendas y con mejor calidad que en otras lavanderÃ­as ğŸ‘•ğŸ‘—ğŸ‘š\n \n1ï¸âƒ£ Todo el aÃ±o Dry Cleaning ğŸ‘šğŸ‘—ğŸ‘•ğŸ‘–(lavado + secado + planchado) lavas 5 prendas y gratis Dry Cleaning (lavado + secado + planchado) de 1 prenda. \n2ï¸âƒ£ Todo el aÃ±o en lavanderÃ­a de Colchas / Edredones ğŸ›ï¸ toda medida lavas 4 colchas y la 5ta a mitad de precio. \n3ï¸âƒ£ En Navidad Dry Cleaning ğŸ‘•ğŸ‘šğŸ‘–ğŸ‘— (lavado + secado + planchado) de 12 prendas y gratis Dry Cleaning (lavado + secado + planchado) de 3 prendas.<#>ğŸ‘—ğŸ‘šğŸ‘”ğŸ‘– mira estos beneficios ğŸ’³ PLATINUM, que te envÃ­o. Son aplicables para el servicio de planchado profesional a vapor ğŸ‘šğŸ‘•ğŸ‘—\n\n4ï¸âƒ£ Todo el aÃ±o Plancha ğŸ‘–ğŸ‘—ğŸ‘•a $ 0,50 \n5ï¸âƒ£ Plancha 30 piezas ğŸ‘šğŸ‘•ğŸ‘—y pagas sÃ³lo 20 piezas, el dÃ­a de tu cumpleaÃ±os<#>ğŸ‘—ğŸ‘šğŸ‘”ğŸ‘– espera, aun siguen los beneficios ğŸ’² y no me podÃ­a olvidar de estas fechas muy importantes:\n\n6ï¸âƒ£ El dÃ­a del PADRE ğŸ‘¨â€âš–ï¸ lavanderÃ­a, lavas 20 prendas ğŸ‘–ğŸ‘•y solo pagas 15 prendas de hombre \n7ï¸âƒ£ El dÃ­a de la MADRE ğŸ‘©â€âš–ï¸lavanderÃ­a, lavas 20 prendas ğŸ‘šğŸ‘—y solo pagas 15 prendas de mujer<#>ğŸ‘—ğŸ‘šğŸ‘”ğŸ‘– lo hemos pensado en todo....,  espera y revisa estos Ãºltimos 3 beneficios para miembros ğŸ’³ PLATINUM \n \n8ï¸âƒ£ Delivery ğŸššRecogida o entrega GRATIS en tus ordenes superiores a $ 50,oo Balboas y hasta 3 km de distancia de nuestra planta Plaza Edison \n9ï¸âƒ£ Bolsa exclusiva de recolecciÃ³n 50% de descuento \nğŸ”Ÿ EmisiÃ³n de tarjeta ğŸ’³de afiliado sin costo<#>DRY CLEANERS PANAMÃâ€ ğŸ‘—ğŸ‘šğŸ‘”ğŸ‘–  ,esperamos darte la bienvenida pronto como miembro preferente ğŸ’³ PLATINUM, es solo $ 30,oo USD al aÃ±o<#>Es una gran decisiÃ³nğŸ’°, que cambiarÃ¡ tu vida para siempre ğŸ‘—ğŸ‘šğŸ‘•ğŸ‘<#>Esperamos pronto saber de ti ğŸ‘ y poder atender tus requerimientos de lavanderÃ­a y plancha ğŸ‘•ğŸ‘šğŸ‘—ğŸ‘–\nLo hacemos a otro nivel y a precios ğŸ’² muy accesibles para todosğŸ‘\n\nâ€œDRY CLEANERS PANAMÃâ€ ğŸ‘—ğŸ‘šğŸ‘”ğŸ‘–   Mejor imposible<#>llÃ¡ma AHORA  ğŸ“ 385 2383 y convierte en un miembro preferente ğŸ’³ PLATINUMâ€¼ï¸","all","11","14","c","","","","","0","","","","","","","","seconds","0","0"
"dry9","none","Hola! %first_name%ğŸ– feliz %day_of_week%<#>BIENVENIDO, somos *DRY CLEANERS PANAMÃ* ğŸ‘—ğŸ‘šğŸ‘”ğŸ‘–, una franquicia de lavanderÃ­a industrial AGUA & SECO  mÃ¡s moderna, â€œMUY RENTABLEâ€ ğŸ’²e innovadora, que puso jaque mate al coronavirusğŸ¦ <#>Gracias por su interÃ©s ğŸ‘ en nuestra diferente e innovadora franquicia Dry Cleaners PanamÃ¡ Â® ğŸ‘šğŸ‘•ğŸ‘—ğŸ‘–, queremos contarte todo sobre nosotrosğŸŒŸ<#>Â¡ soy  Dolly ğŸ‘¦ !   tÃº asistente virtual 24/7  en *DRY CLEANERS PANAMÃ* ğŸ‘—ğŸ‘šğŸ‘”ğŸ‘– â€¦, dispones de â°tiempo para conversar en este chat de negocios conmigo â“<#>Espero conocer tu respuestağŸ‘,  y poder continuar. SÃ³lo escribe la palabra MFA \nMFA: SI \nMFB: NO","all","5","5","c","","","","","0","","","","","","","","seconds","0","0"
"mfb","none","%first_name%, necesitas CONTACTAR con un ASESOR PERSONAL â“ en  *DRY CLEANERS PANAMÃ* ğŸ‘—ğŸ‘šğŸ‘”ğŸ‘– , escribe la palabra DRY4","single","","","c","","","","","0","","","","","","","","seconds","0","0"
"mfa","none","Felicidades  ğŸ‰ğŸ‰ğŸ‰%first_name%, ya diste un importante primer paso que puede cambiar tu rumbo ğŸ’° financiero exponencialmente, y percibir ğŸ’²ingresos muy atractivos como franquiciado en Dry Cleaners PanamÃ¡ Â®ğŸ‘šğŸ‘–ğŸ‘—ğŸ‘•<#>estoy  ğŸ“©enviando  informaciÃ³n importante para tu conocimiento ğŸ‘<#>Dry Cleaners PanamÃ¡ ğŸ‘šğŸ‘—ğŸ‘•ğŸ‘–abre sus operaciones en ğŸŒŸPanamÃ¡ 2020ğŸŒŸ, con una inversiÃ³n de ğŸ’° *$ 700.000,oo DÃ³lares* en su planta matriz y posicionÃ¡ndose rÃ¡pidamente en el mercado de lavanderÃ­a ğŸ‘—ğŸ‘šğŸ‘–ğŸ‘•profesional.<#>Su innovador y â€œMUY RENTABLEâ€ concepto de tintorerÃ­as - lavanderÃ­as rÃ¡pidas y ecolÃ³gicasâ™»ï¸, puso jaque mate al Coronavirus con $ 0.50 la plancha.\n\nSiendo amigable con el medio ambiente ğŸŒ y libres de riesgos cancerÃ­genos para los clientes.<#>es importante que sepas queâ“\n\n1ï¸âƒ£ El margen BRUTO se sitÃºa al rededor del 60% a 65% de los ğŸ’² ingresos \n2ï¸âƒ£ Y su periodo de recuperaciÃ³n de inversiÃ³n ğŸ’° no supera los 2 aÃ±os<#>Y tambiÃ©n debes saber quÃ©â“\n\nen  Dry Cleaners PanamÃ¡ â€œNO  âŒ UTILIZAMOSâ€œ el PERC Percloroethileno es â˜£ï¸â˜¢ï¸\n\nUtilizamos solventes  H8 HYDRONE eco amigables â™»ï¸<#>Recuerda, que necesito que interactues  ğŸ”„ y respondas en nuestra conversaciÃ³nğŸ—£ï¸ para poder avanzar y seguir enviando informaciÃ³n importante â€¼ï¸<#>Conoces ğŸ˜§ que tipo de solvente utiliza para lavar tus prendas en SECO, la lavanderÃ­a que utilizas frecuentementeâ“â“â“<#>Espero recibir ğŸ“© tu respuesta, solo escribe la palabra SCB \nSCA: SI \nSCB: NO","all","8","10","c","","","","","0","","","","","","","","seconds","0","0"
"scb","none","%first_name%, necesitas CONTACTAR con un ASESOR PERSONAL â“ en  *DRY CLEANERS PANAMÃ* ğŸ‘—ğŸ‘šğŸ‘”ğŸ‘– , escribe la palabra DRY4","single","","","c","","","","","0","","","","","","","","seconds","0","0"
"sca","none","Wuuuuuuuuuuuuuuua, me lo imaginaba ğŸ¤¦ %first_name%\n\nNunca te lo han contado â“â“\n\nEs que sÃ³lo te venden precios y  calidad del servicio muy baja; y con alto RIESGO â˜£ï¸â˜¢ï¸ \n\nPero tranquilo ğŸ§˜â€â™€ï¸, el mundo ğŸŒ estÃ¡ cambiando y tu futura inversiÃ³n ğŸ’°estÃ¡ segura, ya que vas a realizar un negocioğŸ‘ libre de riesgos cancerÃ­genos, y no utilizar el PERC Percloroethileno â˜£ï¸â˜¢ï¸<#>Â¡ Dolly ğŸ‘¦ !   te recomienda que leas ğŸ“– este artÃ­culo fue realizado por periodistas profesionales ğŸ‘¥ y cuenta con un autor responsableğŸ‘\n\nAgradecemos su interÃ©s en compartirlo ğŸ‘, pero le solicitamos que lo hagas desde el link original: https://bit.ly/3r2uvWW  , somos respetuosos de los derechos de autor y Copyright â’¸ El EsquiÃº<#>ğŸ’¥ğŸ’¥ğŸ’¥ğŸ’¥ğŸ’¥ Hay frases, como estas que me encantan, y nos hacen reflexionar. \n\nâ€œLO BARATO, SALE CAROâ€â€¼ï¸â€¼ï¸ y lavar tus prendas en esos lugares o lavanderÃ­as donde â€œsoloâ€ importa el precio mÃ¡s bajo ğŸ‘, que la calidad ğŸ‘ğŸ‘, la salud y el planetağŸ‘ğŸ‘ğŸ‘ \n\nAnalÃ­zalo â“â“â“<#>Bueno, sigamos adelante, sigues ahÃ­ â“ solo escribe la palabra SCA1 \nSCA1: SI \nSCB1: NO","all","12","16","c","","","","","0","","","","","","","","seconds","0","0"
"scb1","none","%first_name%, necesitas CONTACTAR con un ASESOR PERSONAL â“ en  *DRY CLEANERS PANAMÃ* ğŸ‘—ğŸ‘šğŸ‘”ğŸ‘– , escribe la palabra DRY4","single","","","c","","","","","0","","","","","","","","seconds","0","0"
"sca1","none","Â¡ Dolly ğŸ‘¦ !   te comenta, que tu inversiÃ³n estÃ¡ garantizada, por que *DRY CLEANERS PANAMÃ* ğŸ‘—ğŸ‘šğŸ‘”ğŸ‘– realiza sus procesos de limpieza profesional con solvente â™»ï¸ eco amigable, que no afectan la salud de nuestros clientes y cuida al plantea ğŸŒ; es el H8 -  Wet Cleaning & Dry Cleaners odor free de muy alta calidad para sus prendas ğŸ‘—ğŸ‘šğŸ‘”ğŸ‘–<#>Nuestra estrategia de expansiÃ³n ğŸ’¥, nos ha demostrado que la mejor forma  ğŸ‘ de establecernos en un nuevo mercado es mediante un modelo de franquicia INNOVADOR y DIFERENTE, a nivel regional ğŸ‡µğŸ‡¦, provincial o distrital \n \nAsÃ­ que, hoy la oportunidad ğŸ’°estÃ¡ frente a ti, es tiempo de hacerloğŸ‘,  hacerlo bien ğŸ‘ y diferente a todos.\n\nAdemÃ¡s cuidando el plantea ğŸŒ<#>De hecho, operamos con esta fÃ³rmula ğŸ’², en todos los mercados ğŸŒen los que estamos presentes, con diferentes marcas Â®ï¸. \n\nUna estrategia de mercado extra ordinaria, que garantiza ğŸ’°â€œÃ‰XITO FINANCIEROâ€ğŸ’°; la cual es parte de nuestras filiales en operaciÃ³n en varios ğŸŒ paÃ­ses<#>El ser franquiciado te otorgarÃ¡ el derecho exclusivo de desarrollar la marca *DRY CLEANERS PANAMÃ* ğŸ‘—ğŸ‘šğŸ‘”ğŸ‘– en el territorio asignado y de forma â€œexclusivaâ€, mediante tiendas propias y/o sub-franquiciadas, aplicando el Know-How previamente adquirido.<#>Â¡ Dolly ğŸ‘¦ !   te recomienda que leas ğŸ“– estas ventajas competitivas de nuestro sistema de franquicia â€œMejor Imposibleâ€,ğŸ‘šğŸ‘—ğŸ‘•ğŸ‘– click en este enlace http://bit.ly/36tFkJH<#>Â¡ Dolly ğŸ‘¦ !  , te pide que esperes  â°un poco, estoy escribiendo la informaciÃ³n y enviarte ğŸ“©de inmediatoâ€¦, por favor no responda<#>Listo, Â¡ Dolly ğŸ‘¦ ! estÃ¡ enviando informaciÃ³n y el por quÃ© elegir, nuestros modelos de negocios vs otros.\n\nClick en este enlace http://bit.ly/3adPWxm<#>la marca *DRY CLEANERS PANAMÃ* ğŸ‘—ğŸ‘šğŸ‘”ğŸ‘– actualmente, opera en el sector de las lavanderÃ­as / tintorerÃ­as lavado en seco, lavanderÃ­a en agua, planchado profesional, y cuentas con asesorÃ­a de expertos ğŸ‘¨â€ğŸ”¬en Ã¡reas marketing, desarrollo de software ğŸ’½ administrativo (facturaciÃ³n On-line), plataforma interactiva de negocios, ChatBot 24/7  ğŸ¤–y variedad de servicios de lavanderÃ­a profesional.\n\nâ¡ï¸ MÃºltiples lÃ­neas de negocios y productos complementarios. la marca *DRY CLEANERS PANAMÃ* ğŸ‘—ğŸ‘šğŸ‘”ğŸ‘– fabrica, desarrolla, crea el 90% de sus suministros en general en Estados Unidos ğŸ‡ºğŸ‡², Ecuador ğŸ‡ªğŸ‡¨ y Reino Unido ğŸ‡¦ğŸ‡¨, de nuestra franquicia, agencia publicitaria ğŸ‡¦ğŸ‡·(ARG), logÃ­stica propia (USA), entre otros.<#>En este link que envÃ­o, puedes revisar todos nuestros servicios de *DRY CLEANERS PANAMÃ* ğŸ‘—ğŸ‘šğŸ‘”ğŸ‘– y el mÃ©todo diferente que hacemos versus la competencia. http://bit.ly/3pDaJku<#>Â¡ Dolly ğŸ‘¦ ! te compartiÃ³, una muy breve introducciÃ³n al negocio ğŸ‘—ğŸ‘šğŸ‘•ğŸ‘–, ahora hablemos del modelo de negocio que te interesa invertirâ€¼ï¸  \n\n\nEstas de acuerdo para seguir ğŸ‘con el chatâ“ Solo escribe la palabra CSA2 \nCSA2: SI \nCSB2: NO","all","15","20","c","","","","","0","","","","","","","","seconds","0","0"
"csb2","none","%first_name%, necesitas CONTACTAR con un ASESOR PERSONAL â“ en  *DRY CLEANERS PANAMÃ* ğŸ‘—ğŸ‘šğŸ‘”ğŸ‘– , escribe la palabra DRY4","single","","","c","","","","","0","","","","","","","","seconds","0","0"
"csa2","none","Â¡ Dolly ğŸ‘¦ !   te recomienda que conozcas nuestros ğŸ‘•ğŸ‘šğŸ‘—modelos de negocios ğŸ¢, y si no estÃ¡ allÃ­ el modelo que tanto deseasâ€¼ï¸ \n\nTranquilo(a), nosotros lo creamosğŸ‘ para tÃ­; te acompaÃ±amos y asesoramos desde cero hasta lograr el modelo de negocioğŸ¢ que se ajuste a tu ğŸ’° inversiÃ³n e ingresosğŸ’² financieros que buscas<#>Â¡ Dolly ğŸ‘¦ !   te recomienda que hagas click en este link http://bit.ly/39Bkeex, que continen  ğŸ—‚ï¸ 29 pÃ¡ginas muy importantes en el dossier corporativo de nuestros modelos de negocios *DRY CLEANERS PANAMÃ* ğŸ‘—ğŸ‘šğŸ‘”ğŸ‘–, que te ayudarÃ¡n a tomar la mejor decisiÃ³n de inversiÃ³n ğŸ’°<#>Dolly ğŸ‘¦  pregunta, estÃ¡s por ahÃ­ â“ Solo escribe la palabra CSA3 \nCSA3: SI \nCSB3: NO","all","5","5","c","","","","","0","","","","","","","","seconds","0","0"
"csb3","none","%first_name%, necesitas CONTACTAR con un ASESOR PERSONAL â“ en  *DRY CLEANERS PANAMÃ* ğŸ‘—ğŸ‘šğŸ‘”ğŸ‘– , escribe la palabra DRY4","single","","","c","","","","","0","","","","","","","","seconds","0","0"
"csa3","none","ExcelenteğŸ‰ğŸ‰ğŸ‰, seguimos enfocados rumbo al Ã©xito financiero ğŸ‘\n\n Te adjunto el link http://bit.ly/3adPWxm , con el dosier comercial de *DRY CLEANERS PANAMÃ* ğŸ‘—ğŸ‘šğŸ‘”ğŸ‘–\n\nSe detalla informaciÃ³nâ„¹ï¸ acerca de nuestros servicios adicionales, lÃ­neas de negocios ğŸ’²<#>asÃ­ mismo, con el objetivo de que tengas un mejor entendimiento sobre nuestro innovador y â€œMUY RENTABLEâ€ concepto de negocio â€œMejor Imposibleâ€ en *DRY CLEANERS PANAMÃ* ğŸ‘—ğŸ‘šğŸ‘”ğŸ‘–, te sugiero obtener mayor informaciÃ³n y agendar una cita o reuniÃ³n, para que conozcas nuestra planta modelo y showroom laundry en operaciÃ³n y funcionando. Y vivas la experiencia a otro nivel en *DRY CLEANERS PANAMÃ* ğŸ‘—ğŸ‘šğŸ‘”ğŸ‘– \n \nUn â€ NEGOCIO QUE GENERAğŸ’² MILLONES ğŸ’²EN TODO EL MUNDO ğŸŒY ES MUY RENTABLE ğŸ’²ğŸ’² A PRUEBA DE CRISISâ€\n\nâœ”ï¸ solo para quienes, les gusta, los grandes retos ğŸ’° financieros e inversionesğŸ‘<#>Dolly ğŸ‘¦  debe preguntarteâ“\n\nDeseas recibir mÃ¡s informaciÃ³n sobre nuestra franquicia DCPğŸ‘šğŸ‘•ğŸ‘—ğŸ‘–, precios y conocer sobre los modelos de inversiÃ³n y su rentabilidadâ“\n\nSolo escribe la palabra CSA4 \nCSA4: SI \nCSB4: NO","all","12","15","c","","","","","0","","","","","","","","seconds","0","0"
"csb4","none","%first_name%, necesitas CONTACTAR con un ASESOR PERSONAL â“ en  *DRY CLEANERS PANAMÃ* ğŸ‘—ğŸ‘šğŸ‘”ğŸ‘– , escribe la palabra DRY4","single","","","c","","","","","0","","","","","","","","seconds","0","0"
"csa4","none","Excelente ğŸ‰ğŸ‰ğŸ‰ %first_name%, espera â°un poco, estoy preparando la informaciÃ³n ğŸ“¤ para enviarla. Ya que estas a punto de tomar la mejor decisiÃ³n de tu vida ğŸ‘<#>Â¡ Dolly ğŸ‘¦ !, te pide que elijas entre estos documentos que deseas recibirâ“\n \nâ¡ï¸F1: Carta de bienvenida al mundo preferente DCP \nâ¡ï¸F2: Solicitud Franquicia \nâ¡ï¸F3: Dossier Modelos Franquicia \nâ¡ï¸F4: Todos los anteriores \n \nEjemplo: para solicitar informaciÃ³n global de todo nuestro portafolio de negocios de franquicias disponibles *DRY CLEANERS PANAMÃ* ğŸ‘—ğŸ‘šğŸ‘”ğŸ‘–, escribe la palabra F4","all","8","10","c","","","","","0","","","","","","","","seconds","0","0"
"f1","none","Â¡ Dolly ğŸ‘¦ ! estÃ¡ enviando la selecciÃ³n F1: Carta de bienvenida al mundo preferente DCP, revise la informaciÃ³n y contacte con nosotros: https://bit.ly/3pNTNru<#>%first_name% Â¿Necesitas mÃ¡s informaciÃ³n ?\nCSA5: Si\nCSB5: No","all","3","3","c","","","","","0","","","","","","","","seconds","0","0"
"csa5","none","Elije entre estos documentos que deseas recibirâ“\n \nâ¡ï¸F1: Carta de bienvenida al mundo preferente DCP \nâ¡ï¸F2: Solicitud Franquicia \nâ¡ï¸F3: Dossier Modelos Franquicia \nâ¡ï¸F4: Todos los anteriores \n \nEjemplo: para solicitar informaciÃ³n global de todo nuestro portafolio de negocios de franquicias disponibles *DRY CLEANERS PANAMÃ* ğŸ‘—ğŸ‘šğŸ‘”ğŸ‘–, escribe la palabra F4","single","","","c","","","","","0","","","","","","","","seconds","0","0"
"csb5","none","%first_name%, necesitas CONTACTAR con un ASESOR PERSONAL â“ en  *DRY CLEANERS PANAMÃ* ğŸ‘—ğŸ‘šğŸ‘”ğŸ‘– , escribe la palabra DRY4","single","","","c","","","","","0","","","","","","","","seconds","0","0"
"f2","none","Â¡ Dolly ğŸ‘¦ ! estÃ¡ enviando la selecciÃ³n F2:  Solicitud Franquicia, revise la informaciÃ³n y contacte con nosotros: https://bit.ly/3pAFzKN<#>%first_name% Â¿Necesitas mÃ¡s informaciÃ³n ?\nCSA5: Si\nCSB5: No","all","3","3","c","","","","","0","","","","","","","","seconds","0","0"
"f3","none","Â¡ Dolly ğŸ‘¦ ! estÃ¡ enviando la selecciÃ³n F3: Dossier Corporativo Modelos Franquicia, revise la informaciÃ³n y contacte con nosotros. Click en este enlace http://bit.ly/39Bkeex<#>%first_name% Â¿Necesitas mÃ¡s informaciÃ³n ?\nCSA5: Si\nCSB5: No","all","3","3","c","","","","","0","","","","","","","","seconds","0","0"
"f4","none","Â¡ Dolly ğŸ‘¦ ! estÃ¡ enviando la selecciÃ³n F1: Carta de bienvenida al mundo preferente DCP, revise la informaciÃ³n y contacte con nosotros: https://bit.ly/3pNTNru<#>Â¡ Dolly ğŸ‘¦ ! estÃ¡ enviando la selecciÃ³n F2:  Solicitud Franquicia, revise la informaciÃ³n y contacte con nosotros: https://bit.ly/3pAFzKN<#>Â¡ Dolly ğŸ‘¦ ! estÃ¡ enviando la selecciÃ³n F3: Dossier Corporativo Modelos Franquicia, revise la informaciÃ³n y contacte con nosotros. Click en este enlace http://bit.ly/39Bkeex<#>%first_name% estÃ¡s ahÃ­â“escriba el codigo Z","all","5","5","c","","","","","0","","","","","","","","seconds","0","0"
"z","none","Excelente ğŸ‰ğŸ‰ğŸ‰ %first_name%, espera â°un momento<#>Â¡recuerda que fuiste atendido por Dolly ğŸ‘¦ !   tÃº asistente virtual 24/7  de *DRY CLEANERS PANAMÃ* ğŸ‘—ğŸ‘šğŸ‘”ğŸ‘– espero haber brindado asistencia requerida.<#>esperamos, saber pronto de tÃ­ ğŸ‘%first_name%<#>Que tengas un excelente dÃ­a ğŸ‘‹â€¦, y cuando necesites lavar o planchar, en *DRY CLEANERS PANAMÃ* ğŸ‘•ğŸ‘šğŸ‘—ğŸ‘– te lo podemos llevar a tan sÃ³lo $ 0,50 centavos la plancha \n \n*DRY CLEANERS PANAMÃ* ğŸ‘—ğŸ‘šğŸ‘”ğŸ‘– ..., mejor imposible !<#>Dolly ğŸ‘¦ !     ğŸ– ğŸ–  te dice  adiÃ³s %first_name%  y que tengas un excelente %day_of_week%","all","8","10","c","","","","","0","","","","","","","","seconds","0","0"
"dry10","none","Elije entre estas opciones de modelos de negociosğŸ‘šğŸ‘—ğŸ‘–ğŸ‘•\n\nEjemplo: para solicitar informaciÃ³n de todos los modelos negocios de franquicias en DRY CLEANERS PANAMÃ ğŸ‘—ğŸ‘”ğŸ‘”ğŸ‘šescribe la palabra (M10)<#>â–ªï¸M1: DelÃ­very / PickğŸšš Up desde 1 a 6 panel\n\nâ–ªï¸M2: Punto de recolecciÃ³n ğŸª desde 30 a 60 m2\n\nâ–ªï¸M3: Solo PlanchağŸ‘•ğŸ‘š desde 70 a 100 m2\n\nâ–ªï¸M4: Tienda Wet Cleaning ğŸªğŸ‘š LavamÃ¡tico 24/7  de 60 â€“ 80 y 120 m2\n\nâ–ªï¸M5: Mini Planta ğŸªğŸ‘—ğŸ‘–ğŸ‘šDry Cleaning full equipada desde 100 m2\n\nâ–ªï¸M6: Planta EstÃ¡ndar ğŸªğŸ‘—ğŸ‘–ğŸ‘šğŸ‘”Dry Cleaning full equipada desde 200 m2\n\nâ–ªï¸M7: Planta piloto Dry Cleaning full equipada desde 300 m2 ğŸªğŸššğŸ‘•ğŸ‘—ğŸ‘–ğŸ‘šğŸ‘”ğŸ¤–\n\nâ–ªï¸M8: â€œAquÃ­ se diseÃ±a y construye el modelo de negocio ğŸ’°ğŸª de tus sueÃ±osâ€ \n\nâ–ªï¸M9: ProyecciÃ³n ğŸ’² INGRESOS y GASTOSğŸ’² tiendas franquiciadas\n\nâ–ªï¸M10: Quiero analizar todos los modelos negocios Dry Clearners PanamÃ¡ğŸ‘šğŸ‘”ğŸ‘–ğŸ‘—ğŸ‘•ğŸššğŸª<#>%first_name%, te sugiero ğŸ‘, escribas la palabra M10","all","8","10","c","","","","","0","","","","","","","","seconds","0","0"
"m1","none","Â¡ Dolly ğŸ‘¦ ! te recomienda que hagas contactoğŸ“ de inmediato con las oficinas locales ğŸª y expresar voluntariamente tu deseo e interÃ©s ğŸ’°de presentar la solicitud o formulario como pre candidato interesadoğŸ‘<#>Espera, Â¡ Dolly ğŸ‘¦ ! esta enviando ğŸ“¨ solicitud o formulario como pre candidato interesado: https://bit.ly/3pAFzKN<#>adicionalmente, estoy enviando ğŸ“¨ informaciÃ³n de interÃ©s, te recomiendo que realices un paseo virtual por nuestra plantağŸª modeloğŸ‘šğŸ‘”ğŸ‘–ğŸ‘—. Click en el enlace  http://bit.ly/3oBZx6z<#>DRY CLEANERS PANAMÃ ğŸ‘—ğŸ‘”ğŸ‘”ğŸ‘š previa verificaciÃ³n de tÃº ğŸ—‚ï¸solicitud de pre candidato,  a travÃ©s del director internacional de expansiÃ³n, contactarÃ¡ contigo vÃ­a ğŸ“ telefÃ³nica y establecerÃ© agenda ğŸ—“ï¸ o reuniones, que sean necesarias y poder brindarte toda la asistencia, asesoria integral (marketingğŸ“‘, estudios de mercado, comercial, legal âš–ï¸, operacional, regulatoria, financiera ğŸ“ˆ, formaciÃ³n / entrenamiento, bÃºsqueda y selecciÃ³n del personalğŸš¶.\n\nPara que la inversiÃ³n ğŸ’°en su paÃ­s, sea lo mÃ¡s rentableğŸ’² y exitosağŸ’².<#>Â¡ Dolly ğŸ‘¦ ! te recomienda que visites este enlace http://bit.ly/3ouv768 , y conozcas mucho mejor nuestro modelo de negocio â€œMEJOR IMPOSIBLE""<#>Â¡ recuerda que has sido atendido por Dolly ğŸ‘¦ !   asistente virtual 24/7  en *DRY CLEANERS PANAMÃ* ğŸ‘—ğŸ‘šğŸ‘”ğŸ‘– espero haber brindado la asistencia requerida<#>en caso de necesitar mayor informaciÃ³n, no dude en contactar  ğŸ“con nuestras oficinas locales o visitar nuestro sitio ğŸŒ https://drycleanerspanama.com/ y encontrar mayor informaciÃ³n<#>esperamos, saber pronto de tÃ­ ğŸ‘ %first_name%, que tengas un excelente %day_of_week%â€¦,  *DRY CLEANERS PANAMÃ* mejor imposible \n\nDolly ğŸ‘¦ !     ğŸ– ğŸ–  se despide\n\n adiÃ³s","all","15","20","c","","","","","0","","","","","","","","seconds","0","0"
"m2","none","Â¡ Dolly ğŸ‘¦ ! te recomienda que hagas contactoğŸ“ de inmediato con las oficinas locales ğŸª y expresar voluntariamente tu deseo e interÃ©s ğŸ’°de presentar la solicitud o formulario como pre candidato interesadoğŸ‘<#>Espera, Â¡ Dolly ğŸ‘¦ ! esta enviando ğŸ“¨ solicitud o formulario como pre candidato interesado: https://bit.ly/3pAFzKN<#>adicionalmente, estoy enviando ğŸ“¨ informaciÃ³n de interÃ©s, te recomiendo que realices un paseo virtual por nuestra plantağŸª modeloğŸ‘šğŸ‘”ğŸ‘–ğŸ‘—. Click en el enlace  http://bit.ly/3oBZx6z<#>DRY CLEANERS PANAMÃ ğŸ‘—ğŸ‘”ğŸ‘”ğŸ‘š previa verificaciÃ³n de tÃº ğŸ—‚ï¸solicitud de pre candidato,  a travÃ©s del director internacional de expansiÃ³n, contactarÃ¡ contigo vÃ­a ğŸ“ telefÃ³nica y establecerÃ© agenda ğŸ—“ï¸ o reuniones, que sean necesarias y poder brindarte toda la asistencia, asesoria integral (marketingğŸ“‘, estudios de mercado, comercial, legal âš–ï¸, operacional, regulatoria, financiera ğŸ“ˆ, formaciÃ³n / entrenamiento, bÃºsqueda y selecciÃ³n del personalğŸš¶.\n\nPara que la inversiÃ³n ğŸ’°en su paÃ­s, sea lo mÃ¡s rentableğŸ’² y exitosağŸ’².<#>Â¡ Dolly ğŸ‘¦ ! te recomienda que visites este enlace http://bit.ly/3ouv768 , y conozcas mucho mejor nuestro modelo de negocio â€œMEJOR IMPOSIBLE""<#>Â¡ recuerda que has sido atendido por Dolly ğŸ‘¦ !   asistente virtual 24/7  en *DRY CLEANERS PANAMÃ* ğŸ‘—ğŸ‘šğŸ‘”ğŸ‘– espero haber brindado la asistencia requerida<#>en caso de necesitar mayor informaciÃ³n, no dude en contactar  ğŸ“con nuestras oficinas locales o visitar nuestro sitio ğŸŒ https://drycleanerspanama.com/ y encontrar mayor informaciÃ³n<#>esperamos, saber pronto de tÃ­ ğŸ‘ %first_name%, que tengas un excelente %day_of_week%â€¦,  *DRY CLEANERS PANAMÃ* mejor imposible \n\nDolly ğŸ‘¦ !     ğŸ– ğŸ–  se despide\n\n adiÃ³s","all","15","20","c","","","","","0","","","","","","","","seconds","0","0"
"m3","none","Â¡ Dolly ğŸ‘¦ ! te recomienda que hagas contactoğŸ“ de inmediato con las oficinas locales ğŸª y expresar voluntariamente tu deseo e interÃ©s ğŸ’°de presentar la solicitud o formulario como pre candidato interesadoğŸ‘<#>Espera, Â¡ Dolly ğŸ‘¦ ! esta enviando ğŸ“¨ solicitud o formulario como pre candidato interesado: https://bit.ly/3pAFzKN<#>adicionalmente, estoy enviando ğŸ“¨ informaciÃ³n de interÃ©s, te recomiendo que realices un paseo virtual por nuestra plantağŸª modeloğŸ‘šğŸ‘”ğŸ‘–ğŸ‘—. Click en el enlace  http://bit.ly/3oBZx6z<#>DRY CLEANERS PANAMÃ ğŸ‘—ğŸ‘”ğŸ‘”ğŸ‘š previa verificaciÃ³n de tÃº ğŸ—‚ï¸solicitud de pre candidato,  a travÃ©s del director internacional de expansiÃ³n, contactarÃ¡ contigo vÃ­a ğŸ“ telefÃ³nica y establecerÃ© agenda ğŸ—“ï¸ o reuniones, que sean necesarias y poder brindarte toda la asistencia, asesoria integral (marketingğŸ“‘, estudios de mercado, comercial, legal âš–ï¸, operacional, regulatoria, financiera ğŸ“ˆ, formaciÃ³n / entrenamiento, bÃºsqueda y selecciÃ³n del personalğŸš¶.\n\nPara que la inversiÃ³n ğŸ’°en su paÃ­s, sea lo mÃ¡s rentableğŸ’² y exitosağŸ’².<#>Â¡ Dolly ğŸ‘¦ ! te recomienda que visites este enlace http://bit.ly/3ouv768 , y conozcas mucho mejor nuestro modelo de negocio â€œMEJOR IMPOSIBLE""<#>Â¡ recuerda que has sido atendido por Dolly ğŸ‘¦ !   asistente virtual 24/7  en *DRY CLEANERS PANAMÃ* ğŸ‘—ğŸ‘šğŸ‘”ğŸ‘– espero haber brindado la asistencia requerida<#>en caso de necesitar mayor informaciÃ³n, no dude en contactar  ğŸ“con nuestras oficinas locales o visitar nuestro sitio ğŸŒ https://drycleanerspanama.com/ y encontrar mayor informaciÃ³n<#>esperamos, saber pronto de tÃ­ ğŸ‘ %first_name%, que tengas un excelente %day_of_week%â€¦,  *DRY CLEANERS PANAMÃ* mejor imposible \n\nDolly ğŸ‘¦ !     ğŸ– ğŸ–  se despide\n\n adiÃ³s","all","15","20","c","","","","","0","","","","","","","","seconds","0","0"
"m4","none","Â¡ Dolly ğŸ‘¦ ! te recomienda que hagas contactoğŸ“ de inmediato con las oficinas locales ğŸª y expresar voluntariamente tu deseo e interÃ©s ğŸ’°de presentar la solicitud o formulario como pre candidato interesadoğŸ‘<#>Espera, Â¡ Dolly ğŸ‘¦ ! esta enviando ğŸ“¨ solicitud o formulario como pre candidato interesado: https://bit.ly/3pAFzKN<#>adicionalmente, estoy enviando ğŸ“¨ informaciÃ³n de interÃ©s, te recomiendo que realices un paseo virtual por nuestra plantağŸª modeloğŸ‘šğŸ‘”ğŸ‘–ğŸ‘—. Click en el enlace  http://bit.ly/3oBZx6z<#>DRY CLEANERS PANAMÃ ğŸ‘—ğŸ‘”ğŸ‘”ğŸ‘š previa verificaciÃ³n de tÃº ğŸ—‚ï¸solicitud de pre candidato,  a travÃ©s del director internacional de expansiÃ³n, contactarÃ¡ contigo vÃ­a ğŸ“ telefÃ³nica y establecerÃ© agenda ğŸ—“ï¸ o reuniones, que sean necesarias y poder brindarte toda la asistencia, asesoria integral (marketingğŸ“‘, estudios de mercado, comercial, legal âš–ï¸, operacional, regulatoria, financiera ğŸ“ˆ, formaciÃ³n / entrenamiento, bÃºsqueda y selecciÃ³n del personalğŸš¶.\n\nPara que la inversiÃ³n ğŸ’°en su paÃ­s, sea lo mÃ¡s rentableğŸ’² y exitosağŸ’².<#>Â¡ Dolly ğŸ‘¦ ! te recomienda que visites este enlace http://bit.ly/3ouv768 , y conozcas mucho mejor nuestro modelo de negocio â€œMEJOR IMPOSIBLE""<#>Â¡ recuerda que has sido atendido por Dolly ğŸ‘¦ !   asistente virtual 24/7  en *DRY CLEANERS PANAMÃ* ğŸ‘—ğŸ‘šğŸ‘”ğŸ‘– espero haber brindado la asistencia requerida<#>en caso de necesitar mayor informaciÃ³n, no dude en contactar  ğŸ“con nuestras oficinas locales o visitar nuestro sitio ğŸŒ https://drycleanerspanama.com/ y encontrar mayor informaciÃ³n<#>esperamos, saber pronto de tÃ­ ğŸ‘ %first_name%, que tengas un excelente %day_of_week%â€¦,  *DRY CLEANERS PANAMÃ* mejor imposible \n\nDolly ğŸ‘¦ !     ğŸ– ğŸ–  se despide\n\n adiÃ³s","all","15","20","c","","","","","0","","","","","","","","seconds","0","0"
"m5","none","Â¡ Dolly ğŸ‘¦ ! te recomienda que hagas contactoğŸ“ de inmediato con las oficinas locales ğŸª y expresar voluntariamente tu deseo e interÃ©s ğŸ’°de presentar la solicitud o formulario como pre candidato interesadoğŸ‘<#>Espera, Â¡ Dolly ğŸ‘¦ ! esta enviando ğŸ“¨ solicitud o formulario como pre candidato interesado: https://bit.ly/3pAFzKN<#>adicionalmente, estoy enviando ğŸ“¨ informaciÃ³n de interÃ©s, te recomiendo que realices un paseo virtual por nuestra plantağŸª modeloğŸ‘šğŸ‘”ğŸ‘–ğŸ‘—. Click en el enlace  http://bit.ly/3oBZx6z<#>DRY CLEANERS PANAMÃ ğŸ‘—ğŸ‘”ğŸ‘”ğŸ‘š previa verificaciÃ³n de tÃº ğŸ—‚ï¸solicitud de pre candidato,  a travÃ©s del director internacional de expansiÃ³n, contactarÃ¡ contigo vÃ­a ğŸ“ telefÃ³nica y establecerÃ© agenda ğŸ—“ï¸ o reuniones, que sean necesarias y poder brindarte toda la asistencia, asesoria integral (marketingğŸ“‘, estudios de mercado, comercial, legal âš–ï¸, operacional, regulatoria, financiera ğŸ“ˆ, formaciÃ³n / entrenamiento, bÃºsqueda y selecciÃ³n del personalğŸš¶.\n\nPara que la inversiÃ³n ğŸ’°en su paÃ­s, sea lo mÃ¡s rentableğŸ’² y exitosağŸ’².<#>Â¡ Dolly ğŸ‘¦ ! te recomienda que visites este enlace http://bit.ly/3ouv768 , y conozcas mucho mejor nuestro modelo de negocio â€œMEJOR IMPOSIBLE""<#>Â¡ recuerda que has sido atendido por Dolly ğŸ‘¦ !   asistente virtual 24/7  en *DRY CLEANERS PANAMÃ* ğŸ‘—ğŸ‘šğŸ‘”ğŸ‘– espero haber brindado la asistencia requerida<#>en caso de necesitar mayor informaciÃ³n, no dude en contactar  ğŸ“con nuestras oficinas locales o visitar nuestro sitio ğŸŒ https://drycleanerspanama.com/ y encontrar mayor informaciÃ³n<#>esperamos, saber pronto de tÃ­ ğŸ‘ %first_name%, que tengas un excelente %day_of_week%â€¦,  *DRY CLEANERS PANAMÃ* mejor imposible \n\nDolly ğŸ‘¦ !     ğŸ– ğŸ–  se despide\n\n adiÃ³s","all","15","20","c","","","","","0","","","","","","","","seconds","0","0"
"m6","none","Â¡ Dolly ğŸ‘¦ ! te recomienda que hagas contactoğŸ“ de inmediato con las oficinas locales ğŸª y expresar voluntariamente tu deseo e interÃ©s ğŸ’°de presentar la solicitud o formulario como pre candidato interesadoğŸ‘<#>Espera, Â¡ Dolly ğŸ‘¦ ! esta enviando ğŸ“¨ solicitud o formulario como pre candidato interesado: https://bit.ly/3pAFzKN<#>adicionalmente, estoy enviando ğŸ“¨ informaciÃ³n de interÃ©s, te recomiendo que realices un paseo virtual por nuestra plantağŸª modeloğŸ‘šğŸ‘”ğŸ‘–ğŸ‘—. Click en el enlace  http://bit.ly/3oBZx6z<#>DRY CLEANERS PANAMÃ ğŸ‘—ğŸ‘”ğŸ‘”ğŸ‘š previa verificaciÃ³n de tÃº ğŸ—‚ï¸solicitud de pre candidato,  a travÃ©s del director internacional de expansiÃ³n, contactarÃ¡ contigo vÃ­a ğŸ“ telefÃ³nica y establecerÃ© agenda ğŸ—“ï¸ o reuniones, que sean necesarias y poder brindarte toda la asistencia, asesoria integral (marketingğŸ“‘, estudios de mercado, comercial, legal âš–ï¸, operacional, regulatoria, financiera ğŸ“ˆ, formaciÃ³n / entrenamiento, bÃºsqueda y selecciÃ³n del personalğŸš¶.\n\nPara que la inversiÃ³n ğŸ’°en su paÃ­s, sea lo mÃ¡s rentableğŸ’² y exitosağŸ’².<#>Â¡ Dolly ğŸ‘¦ ! te recomienda que visites este enlace http://bit.ly/3ouv768 , y conozcas mucho mejor nuestro modelo de negocio â€œMEJOR IMPOSIBLE""<#>Â¡ recuerda que has sido atendido por Dolly ğŸ‘¦ !   asistente virtual 24/7  en *DRY CLEANERS PANAMÃ* ğŸ‘—ğŸ‘šğŸ‘”ğŸ‘– espero haber brindado la asistencia requerida<#>en caso de necesitar mayor informaciÃ³n, no dude en contactar  ğŸ“con nuestras oficinas locales o visitar nuestro sitio ğŸŒ https://drycleanerspanama.com/ y encontrar mayor informaciÃ³n<#>esperamos, saber pronto de tÃ­ ğŸ‘ %first_name%, que tengas un excelente %day_of_week%â€¦,  *DRY CLEANERS PANAMÃ* mejor imposible \n\nDolly ğŸ‘¦ !     ğŸ– ğŸ–  se despide\n\n adiÃ³s","all","15","20","c","","","","","0","","","","","","","","seconds","0","0"
"m7","none","Â¡ Dolly ğŸ‘¦ ! te recomienda que hagas contactoğŸ“ de inmediato con las oficinas locales ğŸª y expresar voluntariamente tu deseo e interÃ©s ğŸ’°de presentar la solicitud o formulario como pre candidato interesadoğŸ‘<#>Espera, Â¡ Dolly ğŸ‘¦ ! esta enviando ğŸ“¨ solicitud o formulario como pre candidato interesado: https://bit.ly/3pAFzKN<#>adicionalmente, estoy enviando ğŸ“¨ informaciÃ³n de interÃ©s, te recomiendo que realices un paseo virtual por nuestra plantağŸª modeloğŸ‘šğŸ‘”ğŸ‘–ğŸ‘—. Click en el enlace  http://bit.ly/3oBZx6z<#>DRY CLEANERS PANAMÃ ğŸ‘—ğŸ‘”ğŸ‘”ğŸ‘š previa verificaciÃ³n de tÃº ğŸ—‚ï¸solicitud de pre candidato,  a travÃ©s del director internacional de expansiÃ³n, contactarÃ¡ contigo vÃ­a ğŸ“ telefÃ³nica y establecerÃ© agenda ğŸ—“ï¸ o reuniones, que sean necesarias y poder brindarte toda la asistencia, asesoria integral (marketingğŸ“‘, estudios de mercado, comercial, legal âš–ï¸, operacional, regulatoria, financiera ğŸ“ˆ, formaciÃ³n / entrenamiento, bÃºsqueda y selecciÃ³n del personalğŸš¶.\n\nPara que la inversiÃ³n ğŸ’°en su paÃ­s, sea lo mÃ¡s rentableğŸ’² y exitosağŸ’².<#>Â¡ Dolly ğŸ‘¦ ! te recomienda que visites este enlace http://bit.ly/3ouv768 , y conozcas mucho mejor nuestro modelo de negocio â€œMEJOR IMPOSIBLE""<#>Â¡ recuerda que has sido atendido por Dolly ğŸ‘¦ !   asistente virtual 24/7  en *DRY CLEANERS PANAMÃ* ğŸ‘—ğŸ‘šğŸ‘”ğŸ‘– espero haber brindado la asistencia requerida<#>en caso de necesitar mayor informaciÃ³n, no dude en contactar  ğŸ“con nuestras oficinas locales o visitar nuestro sitio ğŸŒ https://drycleanerspanama.com/ y encontrar mayor informaciÃ³n<#>esperamos, saber pronto de tÃ­ ğŸ‘ %first_name%, que tengas un excelente %day_of_week%â€¦,  *DRY CLEANERS PANAMÃ* mejor imposible \n\nDolly ğŸ‘¦ !     ğŸ– ğŸ–  se despide\n\n adiÃ³s","all","15","20","c","","","","","0","","","","","","","","seconds","0","0"
"m8","none","Â¡ Dolly ğŸ‘¦ ! te recomienda que hagas contactoğŸ“ de inmediato con las oficinas locales ğŸª y expresar voluntariamente tu deseo e interÃ©s ğŸ’°de presentar la solicitud o formulario como pre candidato interesadoğŸ‘<#>Espera, Â¡ Dolly ğŸ‘¦ ! esta enviando ğŸ“¨ solicitud o formulario como pre candidato interesado: https://bit.ly/3pAFzKN<#>adicionalmente, estoy enviando ğŸ“¨ informaciÃ³n de interÃ©s, te recomiendo que realices un paseo virtual por nuestra plantağŸª modeloğŸ‘šğŸ‘”ğŸ‘–ğŸ‘—. Click en el enlace  http://bit.ly/3oBZx6z<#>DRY CLEANERS PANAMÃ ğŸ‘—ğŸ‘”ğŸ‘”ğŸ‘š previa verificaciÃ³n de tÃº ğŸ—‚ï¸solicitud de pre candidato,  a travÃ©s del director internacional de expansiÃ³n, contactarÃ¡ contigo vÃ­a ğŸ“ telefÃ³nica y establecerÃ© agenda ğŸ—“ï¸ o reuniones, que sean necesarias y poder brindarte toda la asistencia, asesoria integral (marketingğŸ“‘, estudios de mercado, comercial, legal âš–ï¸, operacional, regulatoria, financiera ğŸ“ˆ, formaciÃ³n / entrenamiento, bÃºsqueda y selecciÃ³n del personalğŸš¶.\n\nPara que la inversiÃ³n ğŸ’°en su paÃ­s, sea lo mÃ¡s rentableğŸ’² y exitosağŸ’².<#>Â¡ Dolly ğŸ‘¦ ! te recomienda que visites este enlace http://bit.ly/3ouv768 , y conozcas mucho mejor nuestro modelo de negocio â€œMEJOR IMPOSIBLE""<#>Â¡ recuerda que has sido atendido por Dolly ğŸ‘¦ !   asistente virtual 24/7  en *DRY CLEANERS PANAMÃ* ğŸ‘—ğŸ‘šğŸ‘”ğŸ‘– espero haber brindado la asistencia requerida<#>en caso de necesitar mayor informaciÃ³n, no dude en contactar  ğŸ“con nuestras oficinas locales o visitar nuestro sitio ğŸŒ https://drycleanerspanama.com/ y encontrar mayor informaciÃ³n<#>esperamos, saber pronto de tÃ­ ğŸ‘ %first_name%, que tengas un excelente %day_of_week%â€¦,  *DRY CLEANERS PANAMÃ* mejor imposible \n\nDolly ğŸ‘¦ !     ğŸ– ğŸ–  se despide\n\n adiÃ³s","all","15","20","c","","","","","0","","","","","","","","seconds","0","0"
"m9","none","Â¡ Dolly ğŸ‘¦ ! te recomienda que hagas contactoğŸ“ de inmediato con las oficinas locales ğŸª y expresar voluntariamente tu deseo e interÃ©s ğŸ’°de presentar la solicitud o formulario como pre candidato interesadoğŸ‘<#>Espera, Â¡ Dolly ğŸ‘¦ ! esta enviando ğŸ“¨ solicitud o formulario como pre candidato interesado: https://bit.ly/3pAFzKN<#>adicionalmente, estoy enviando ğŸ“¨ informaciÃ³n de interÃ©s, te recomiendo que realices un paseo virtual por nuestra plantağŸª modeloğŸ‘šğŸ‘”ğŸ‘–ğŸ‘—. Click en el enlace  http://bit.ly/3oBZx6z<#>DRY CLEANERS PANAMÃ ğŸ‘—ğŸ‘”ğŸ‘”ğŸ‘š previa verificaciÃ³n de tÃº ğŸ—‚ï¸solicitud de pre candidato,  a travÃ©s del director internacional de expansiÃ³n, contactarÃ¡ contigo vÃ­a ğŸ“ telefÃ³nica y establecerÃ© agenda ğŸ—“ï¸ o reuniones, que sean necesarias y poder brindarte toda la asistencia, asesoria integral (marketingğŸ“‘, estudios de mercado, comercial, legal âš–ï¸, operacional, regulatoria, financiera ğŸ“ˆ, formaciÃ³n / entrenamiento, bÃºsqueda y selecciÃ³n del personalğŸš¶.\n\nPara que la inversiÃ³n ğŸ’°en su paÃ­s, sea lo mÃ¡s rentableğŸ’² y exitosağŸ’².<#>Â¡ Dolly ğŸ‘¦ ! te recomienda que visites este enlace http://bit.ly/3ouv768 , y conozcas mucho mejor nuestro modelo de negocio â€œMEJOR IMPOSIBLE""<#>Â¡ recuerda que has sido atendido por Dolly ğŸ‘¦ !   asistente virtual 24/7  en *DRY CLEANERS PANAMÃ* ğŸ‘—ğŸ‘šğŸ‘”ğŸ‘– espero haber brindado la asistencia requerida<#>en caso de necesitar mayor informaciÃ³n, no dude en contactar  ğŸ“con nuestras oficinas locales o visitar nuestro sitio ğŸŒ https://drycleanerspanama.com/ y encontrar mayor informaciÃ³n<#>esperamos, saber pronto de tÃ­ ğŸ‘ %first_name%, que tengas un excelente %day_of_week%â€¦,  *DRY CLEANERS PANAMÃ* mejor imposible \n\nDolly ğŸ‘¦ !     ğŸ– ğŸ–  se despide\n\n adiÃ³s","all","15","20","c","","","","","0","","","","","","","","seconds","0","0"
"m10","none","Â¡ Dolly ğŸ‘¦ ! te recomienda que hagas contactoğŸ“ de inmediato con las oficinas locales ğŸª y expresar voluntariamente tu deseo e interÃ©s ğŸ’°de presentar la solicitud o formulario como pre candidato interesadoğŸ‘<#>Espera, Â¡ Dolly ğŸ‘¦ ! esta enviando ğŸ“¨ solicitud o formulario como pre candidato interesado: https://bit.ly/3pAFzKN<#>adicionalmente, estoy enviando ğŸ“¨ informaciÃ³n de interÃ©s, te recomiendo que realices un paseo virtual por nuestra plantağŸª modeloğŸ‘šğŸ‘”ğŸ‘–ğŸ‘—. Click en el enlace  http://bit.ly/3oBZx6z<#>DRY CLEANERS PANAMÃ ğŸ‘—ğŸ‘”ğŸ‘”ğŸ‘š previa verificaciÃ³n de tÃº ğŸ—‚ï¸solicitud de pre candidato,  a travÃ©s del director internacional de expansiÃ³n, contactarÃ¡ contigo vÃ­a ğŸ“ telefÃ³nica y establecerÃ© agenda ğŸ—“ï¸ o reuniones, que sean necesarias y poder brindarte toda la asistencia, asesoria integral (marketingğŸ“‘, estudios de mercado, comercial, legal âš–ï¸, operacional, regulatoria, financiera ğŸ“ˆ, formaciÃ³n / entrenamiento, bÃºsqueda y selecciÃ³n del personalğŸš¶.\n\nPara que la inversiÃ³n ğŸ’°en su paÃ­s, sea lo mÃ¡s rentableğŸ’² y exitosağŸ’².<#>Â¡ Dolly ğŸ‘¦ ! te recomienda que visites este enlace http://bit.ly/3ouv768 , y conozcas mucho mejor nuestro modelo de negocio â€œMEJOR IMPOSIBLE""<#>Â¡ recuerda que has sido atendido por Dolly ğŸ‘¦ !   asistente virtual 24/7  en *DRY CLEANERS PANAMÃ* ğŸ‘—ğŸ‘šğŸ‘”ğŸ‘– espero haber brindado la asistencia requerida<#>en caso de necesitar mayor informaciÃ³n, no dude en contactar  ğŸ“con nuestras oficinas locales o visitar nuestro sitio ğŸŒ https://drycleanerspanama.com/ y encontrar mayor informaciÃ³n<#>esperamos, saber pronto de tÃ­ ğŸ‘ %first_name%, que tengas un excelente %day_of_week%â€¦,  *DRY CLEANERS PANAMÃ* mejor imposible \n\nDolly ğŸ‘¦ !     ğŸ– ğŸ–  se despide\n\n adiÃ³s","all","15","20","c","","","","","0","","","","","","","","seconds","0","0"
